No,Keyword,Search Intent,Search Volume,CPC,Paid Difficulty,SEO Difficulty
1,"diploma scholarships","commercial, navigational","880","₹118.57","30","26"
2,"diploma scholarship","commercial, navigational","880","₹115.68","20","50"
3,"degree scholarships 2025",null,"720","₹111.82","37","25"
4,"diploma students scholarships",null,"720","₹46.27","19","19"
5,"diploma scholarship odisha","informational","320","₹0.00","1","15"
6,"degree scholarships 2026",null,"210","₹64.59","50","29"
7,"diploma scholarship amount",null,"170","₹0.00","1","14"
8,"diploma 1st year scholarship amount",null,"140","₹0.00","1","6"
9,"diploma ssp scholarship last date 2025",null,"110","₹0.00","1","5"
10,"diploma scholarship maharashtra",null,"110","₹0.00","1","13"
11,"diploma scholarship last date 2025",null,"90","₹0.00","1","6"
12,"scholarships certificate template",null,"90","₹0.00","1","13"
13,"diploma scholarship apply online",null,"90","₹47.72","36","16"
14,"diploma 3 year courses",null,"70","₹49.64","22","12"
15,"diploma ssp scholarship",null,"70","₹0.00","1","13"
16,"diploma me scholarship kitna milta hai",null,"70","₹0.00","1","5"
17,"diploma scholarship odisha last date",null,"70","₹0.00","1","5"
18,"diploma scholarship gujarat",null,"50","₹0.00","3","14"
19,"diploma scholarship in karnataka",null,"50","₹59.28","14","10"
20,"diploma scholarship form",null,"50","₹26.51","12","17"
21,"degree completion scholarships",null,"50","₹68.92","36","24"
22,"diploma scholarship 2025 last date",null,"50","₹0.00","1","5"
23,"diploma scholarship amount in odisha",null,"50","₹0.00","1","5"
24,"diploma scholarship 2025 karnataka",null,"40","₹0.00","1","5"
25,"diploma scholarship apply online karnataka",null,"40","₹36.15","25","13"
26,"rgpv diploma scholarship portal",null,"40","₹0.00","2","6"
27,"diploma student scholarship 2025",null,"40","₹0.00","43","18"
28,"diploma post matric scholarship amount",null,"40","₹0.00","1","5"
29,"diploma 1st year scholarship last date",null,"30","₹0.00","1","5"
30,"scholarship for diploma engineering students",null,"30","₹56.39","14","10"
31,"diploma ssp scholarship last date",null,"30","₹0.00","1","5"
32,"diploma scholarship last date 2026",null,"30","₹40.97","6","7"
33,"diploma scholarship bihar",null,"30","₹0.00","2","14"
34,"diploma scholarship status",null,"30","₹0.00","1","13"
35,"diploma scholarship portal",null,"30","₹0.00","4","15"
36,"diploma scholarship kitna milta hai",null,"30","₹0.00","1","5"
37,"diploma 1st year scholarship",null,"20","₹122.43","13","9"
38,"diploma engineering scholarship",null,"20","₹89.17","19","19"
39,"diploma scholarship kab aayegi",null,"20","₹0.00","1","5"
40,"diploma scholarship renewal last date",null,"20","₹0.00","1","5"
41,"diploma scholarship status check",null,"20","₹0.00","1","5"
42,"diploma scholarship odisha 2025",null,"20","₹0.00","1","5"
43,"diploma scholarship documents",null,"20","₹0.00","1","13"
44,"diploma scholarship 2025 date",null,"20","₹0.00","1","5"
45,"diploma students scholarship amount",null,"20","₹0.00","5","7"
46,"diploma scholarship date 2025",null,"20","₹0.00","1","5"
47,"diploma scholarship telangana",null,"20","₹0.00","1","14"
48,"which university give full free scholarship",null,"20","₹53.02","27","14"
49,"diploma engineering scholarship 2025",null,"10","₹0.00","1","5"
50,"diploma scholarship in india",null,"10","₹0.00","1","5"
51,"diploma ssp scholarship last date 2026",null,"10","₹0.00","1","5"
52,"can you apply for scholarships in university",null,"10","₹0.00","14","10"
53,"can you get a scholarship in university",null,"10","₹0.00","21","12"
54,"diploma wale scholarship kaise bhare",null,"10","₹0.00","1","5"
55,"diploma scholarship in germany",null,"10","₹0.00","1","5"
56,"diploma scholarship form last date 2025",null,"10","₹0.00","1","5"
57,"diploma complete scholarship",null,"10","₹34.22","34","24"
58,"can you get a scholarship for grades",null,"10","₹0.00","1","5"
59,"bandhkam kamgar diploma scholarship",null,"10","₹0.00","1","5"
60,"diploma scholarship 2025 26",null,"10","₹0.00","1","5"
61,"diploma scholarship in japan",null,"10","₹0.00","1","5"
62,"diploma scholarship canada",null,"10","₹0.00","1","13"
63,"diploma scholarship 2023",null,"10","₹0.00","1","13"
64,"oxford executive diploma scholarship for women",null,"10","₹0.00","33","15"
65,"diploma scholarship jharkhand",null,"10","₹0.00","1","13"
66,"diploma scholarship singapore",null,"10","₹0.00","1","13"
67,"diploma scholarship kab tak aayega",null,"10","₹0.00","1","5"
68,"diploma scholarship program",null,"10","₹0.00","1","13"
69,"diploma scholarship maharashtra last date",null,"10","₹0.00","1","5"
70,"diploma polytechnic scholarship",null,"10","₹0.00","2","14"
71,"diploma scholarship form documents",null,"10","₹0.00","1","5"
72,"diploma ssp scholarship amount",null,"10","₹0.00","1","5"
73,"diploma scholarship 2026 last date",null,"10","₹0.00","3","6"
74,"diploma classified scholarship",null,"10","₹0.00","1","13"
75,"diploma scholarship apply last date",null,"10","₹0.00","28","14"
76,"diploma scholarship gujarat last date",null,"10","₹0.00","1","5"
77,"diploma me scholarship form kaise bhare",null,"10","₹0.00","1","5"
78,"diploma scholarship login",null,"10","₹0.00","1","13"
79,"degree scholarships abroad",null,"0","₹0.00","1","12"
80,"diploma scholarships in europe",null,"0","₹0.00","1","4"
81,"diploma engineering bursaries",null,"0","₹0.00","1","12"
82,"degree scholarships to study abroad",null,"0","₹0.00","1","4"
83,"diploma scholarship correction date",null,"0","₹0.00","1","4"
84,"diploma kalia scholarship",null,"0","₹0.00","1","12"
85,"diploma classified scholarship result report 2082",null,"0","₹0.00","1","4"
86,"diploma scholarship tarumt",null,"0","₹0.00","1","12"
87,"diploma scholarship amount 2024",null,"0","₹0.00","1","4"
88,"diploma merit scholarship",null,"0","₹0.00","1","12"
89,"diploma students get scholarships",null,"0","₹0.00","1","4"
90,"diploma private scholarship",null,"0","₹0.00","1","12"
91,"diploma oasis scholarship amount",null,"0","₹0.00","1","4"
92,"diploma scholarships in india",null,"0","₹0.00","1","4"
93,"diploma topper scholarship odisha",null,"0","₹0.00","1","4"
94,"diploma scholarship documents required",null,"0","₹0.00","1","4"
95,"diploma scholarship last date 2025 telangana",null,"0","₹0.00","1","4"
96,"executive diploma scholarships for women",null,"0","₹0.00","1","4"
97,"diploma 3rd year scholarship last date",null,"0","₹0.00","1","4"
98,"diploma scholarship for general category",null,"0","₹0.00","1","4"
99,"diploma 3rd sem scholarship",null,"0","₹0.00","1","4"
100,"diploma girls scholarship",null,"0","₹0.00","1","12"
101,"degree college scholarships 2025",null,"0","₹0.00","1","4"
102,"diploma scholarship amount 2025",null,"0","₹0.00","1","4"
103,"diploma scholarship payment",null,"0","₹0.00","1","12"
104,"diploma scholarship kab aayegi 2025",null,"0","₹0.00","1","4"
105,"polytechnic diploma scholarship kab aayegi",null,"0","₹0.00","1","4"
106,"diploma scholarship in malaysia",null,"0","₹0.00","1","4"
107,"diploma engineering scholarship last date",null,"0","₹0.00","1","4"
108,"ctevt diploma scholarship result",null,"0","₹0.00","1","4"
109,"diploma up scholarship last date",null,"0","₹0.00","1","4"
110,"diploma pragati scholarship",null,"0","₹0.00","1","12"
111,"diploma scholarship odisha last date 2025",null,"0","₹0.00","1","4"
112,"wset diploma scholarships",null,"0","₹0.00","1","12"
113,"diploma pathway scholarship scu",null,"0","₹0.00","1","4"
114,"diploma scholarship last date 2025 odisha",null,"0","₹0.00","1","4"
115,"diploma scholarship odisha date",null,"0","₹0.00","1","4"
116,"diploma 1st year scholarship date",null,"0","₹0.00","1","4"
117,"diploma 1st year scholarship kab aayegi",null,"0","₹0.00","1","4"
118,"diploma courses scholarships abroad",null,"0","₹0.00","1","4"
119,"diploma scholarship last date 2025 up",null,"0","₹0.00","1","4"
120,"diploma boys scholarship",null,"0","₹0.00","1","12"
121,"diploma scholarship eligibility",null,"0","₹0.00","1","12"
122,"diploma scholarship mp",null,"0","₹0.00","1","12"
123,"degree scholarships malaysia",null,"0","₹0.00","1","12"
124,"diploma scholarships in germany",null,"0","₹0.00","1","4"
125,"boc scholarship diploma",null,"0","₹0.00","1","12"
126,"degree entrance scholarships",null,"0","₹0.00","1","12"
127,"diploma scholarship biometric last date",null,"0","₹0.00","1","4"
128,"diploma scholarship obc",null,"0","₹0.00","1","12"
129,"scholarship for diploma students boys",null,"0","₹0.00","1","4"
130,"diploma paramedical scholarship 2025",null,"0","₹0.00","1","4"
131,"diploma college scholarship",null,"0","₹0.00","1","12"
132,"diploma scholarship date 2026",null,"0","₹0.00","1","4"
133,"higher diploma scholarships",null,"0","₹0.00","1","12"
134,"diploma level scholarship",null,"0","₹0.00","1","12"
135,"diploma scholarship form link",null,"0","₹0.00","1","4"
136,"diploma scholarship how much",null,"0","₹0.00","1","4"
137,"diploma bursaries 2026 undergraduate",null,"0","₹0.00","1","4"
138,"diploma scholarship 2023 24",null,"0","₹0.00","1","4"
139,"diploma vs scholarship",null,"0","₹0.00","1","12"
140,"diploma engineering scholarship amount",null,"0","₹0.00","1","4"
141,"diploma scholarship india",null,"0","₹0.00","1","12"
142,"diploma government scholarship",null,"0","₹0.00","1","12"
143,"after 10th diploma scholarship",null,"0","₹0.00","1","4"
144,"diploma scholarship name",null,"0","₹0.00","1","12"
145,"diploma scholarship for sc",null,"0","₹0.00","1","4"
146,"diploma scholarships 2024",null,"0","₹0.00","1","12"
147,"diploma classified scholarship result",null,"0","₹0.00","1","4"
148,"diploma scholarship swami vivekananda scholarship",null,"0","₹0.00","1","4"
149,"diploma ka scholarship",null,"0","₹0.00","1","12"
150,"diploma scholarship website",null,"0","₹0.00","1","12"
151,"diploma scholarship ts",null,"0","₹0.00","1","12"
152,"diploma paramedical scholarship",null,"0","₹0.00","1","12"
153,"higher diploma scholarships in kenya",null,"0","₹0.00","1","4"
154,"diploma scholarships release date",null,"0","₹0.00","1","4"
155,"diploma scholarship scheme",null,"0","₹0.00","1","12"
156,"diploma scholarship details",null,"0","₹0.00","1","12"
157,"china diploma scholarship requirements",null,"0","₹0.00","1","4"
158,"diploma scholarship price",null,"0","₹0.00","1","12"
159,"diploma scholarship 2025 bihar",null,"0","₹0.00","1","4"
160,"diploma scholarship for sc students",null,"0","₹0.00","1","4"
161,"diploma classified scholarship result report 2083",null,"0","₹0.00","1","4"
162,"rit ib diploma scholarship",null,"0","₹0.00","1","4"
163,"degree transfer scholarships",null,"0","₹0.00","1","12"
164,"diploma new scholarship",null,"0","₹0.00","1","12"
165,"diploma course scholarship amount",null,"0","₹0.00","1","4"
166,"teaching diploma scholarships",null,"0","₹0.00","1","12"
167,"diploma scholarship per year",null,"0","₹0.00","1","4"
168,"degree scholarships uk",null,"0","₹0.00","1","12"
169,"diploma scholarship in saudi arabia",null,"0","₹0.00","1","4"
170,"diploma courses scholarships",null,"0","₹0.00","1","12"
171,"diploma based scholarship",null,"0","₹0.00","1","12"
172,"diploma scholarships in uganda 2025 pdf",null,"0","₹0.00","1","4"
173,"diploma scholarship money",null,"0","₹0.00","1","12"
174,"rgpv diploma scholarship kab aayegi",null,"0","₹0.00","1","4"
175,"free diploma scholarships in uganda 2025",null,"0","₹0.00","1","4"
176,"diploma scholarship sc",null,"0","₹0.00","1","12"
177,"veterinary diploma scholarship",null,"0","₹0.00","1","12"
178,"diploma scholarships for kenyan students",null,"0","₹0.00","1","4"
179,"diploma scholarship list",null,"0","₹0.00","1","12"
180,"diploma scholarship sunway",null,"0","₹0.00","1","12"
181,"diploma nursing scholarships",null,"0","₹0.00","1","12"
182,"diploma all scholarship list",null,"0","₹0.00","1","4"
183,"diploma to btech scholarship",null,"0","₹0.00","1","4"
184,"3 year diploma scholarship in china",null,"0","₹0.00","1","4"
185,"diploma mein scholarship kitna aata hai",null,"0","₹0.00","1","4"
186,"diploma bonafide scholarship",null,"0","₹0.00","1","12"
187,"diploma scholarship link",null,"0","₹0.00","1","12"
188,"diploma scholarship payment date",null,"0","₹0.00","1","4"
189,"diploma scholarship apply date",null,"0","₹0.00","1","4"
190,"nebosh diploma scholarship requirements",null,"0","₹0.00","1","4"
191,"diploma scholarship australia",null,"0","₹0.00","1","12"
192,"certificate of scholarships",null,"0","₹0.00","1","12"
193,"diploma scholarship china",null,"0","₹0.00","1","12"
194,"diploma scholarship form last date 2026",null,"0","₹0.00","1","4"
195,"diploma scholarship for women at oxford university",null,"0","₹0.00","1","4"
196,"diploma pass scholarship",null,"0","₹0.00","1","12"
197,"diploma bursaries 2026",null,"0","₹0.00","1","12"
