ID,Slug,Title,Provider Type,Status,Is Legacy,Issues Count,Issues List
inspire-scholarship-she,inspire-scholarship-for-higher-education-she,"INSPIRE Scholarship for Higher Education (SHE)",Government,Active,No,2,"Old Year Reference (e.g. 2024 or 2025 in title or description) | Missing Helpline Contact Details"
mahadbt-post-matric-scholarship-maharashtra,mahadbt-post-matric-scholarship-maharashtra,"MahaDBT Post-Matric Scholarship (Maharashtra)",Government,Active,No,2,"Old Year Reference (e.g. 2024 or 2025 in title or description) | Missing Required Documents"
sanchi-honnamma-scholarship-karnataka,sanchi-honnamma-scholarship-karnataka,"Sanchi Honnamma Scholarship (Karnataka)",Government,Active,No,2,"Old Year Reference (e.g. 2024 or 2025 in title or description) | Missing Required Documents"
foundation-for-excellence-ffe-scholarship,foundation-for-excellence-ffe-scholarship,"Foundation for Excellence (FFE) Scholarship",Private,Active,No,2,"Old Year Reference (e.g. 2024 or 2025 in title or description) | Missing Required Documents"
post-matric-scholarship-for-differently-abled,post-matric-scholarship-for-differently-abled,"Post-Matric Scholarship for Differently Abled",Government,Active,No,2,"Missing Deadline Date | Old Year Reference (e.g. 2024 or 2025 in title or description)"
uttarakhand-state-merit-scholarship,uttarakhand-state-merit-scholarship,"Uttarakhand State Merit Scholarship",Government,Active,No,2,"Expired Deadline (2026-09-30) | Missing Helpline Contact Details"
meghalaya-merit-scholarship,meghalaya-merit-scholarship,"Meghalaya Merit Scholarship",Government,Active,No,2,"Old Year Reference (e.g. 2024 or 2025 in title or description) | Missing Helpline Contact Details"
tripura-state-merit-scholarship,tripura-state-merit-scholarship,"Tripura State Merit Scholarship",Government,Active,No,2,"Expired Deadline (2026-09-30) | Missing Helpline Contact Details"
mahindra-all-india-talent-scholarship,mahindra-all-india-talent-scholarship,"Mahindra All India Talent Scholarship",Private,Active,No,2,"Expired Deadline (2026-09-15) | Missing Helpline Contact Details"
acumen-india-fellowship,acumen-india-fellowship,"Acumen India Fellowship",Private,Active,No,2,"Expired Deadline (2025-10-30) | Old Year Reference (e.g. 2024 or 2025 in title or description)"
lamp-fellowship,lamp-fellowship,"LAMP Fellowship",Private,Active,No,2,"Expired Deadline (2025-12-21) | Old Year Reference (e.g. 2024 or 2025 in title or description)"
sc_010,maharashtra-postmatric-obc,"Maharashtra Post-Matric OBC Scholarship",Government,Active,No,1,"Expired Deadline (2026-09-30)"
sc_012,maharashtra-ebc-postmatric,"Maharashtra EBC Post-Matric Scholarship",Government,Active,No,1,"Expired Deadline (2026-09-30)"
sc_013,maharashtra-girls-merit,"Maharashtra Girls Merit Scholarship",Government,Active,No,1,"Expired Deadline (2026-09-15)"
sc_014,maharashtra-rajarshi-shahu,"Rajarshi Chhatrapati Shahu Maharaj Shikshan Shulkh Shishyavrutti Yojna",Government,Active,No,1,"Expired Deadline (2026-09-30)"
sc_023,andhra-pradesh-ntr-vidyonnathi,"Andhra Pradesh NTR Vidyonnathi Scheme",Government,Active,No,1,"Expired Deadline (2026-09-15)"
sc_corp_hdfc_001,hdfc-bank-parivartan-ecss-scholarship,"HDFC Bank Parivartan's Educational Crisis Scholarship Support (ECSS) Programme 2026-27",Corporate,Active,No,1,"Expired Deadline (2026-08-31)"
14,green-passage-scheme-technical-education-odisha,"Green Passage Scheme - Technical Education (Odisha)",Government,Active,No,1,"Missing Min Amount"
16,gopabandhu-sikhya-sahayata-yojana-odisha,"Gopabandhu Sikhya Sahayata Yojana (Odisha)",Government,Active,No,1,"Always Open marked but rolling/continuous verification text is missing in descriptions"
19,videsh-siksha-bruti-foreign-education-scholarship-odisha,"Videsh Siksha Bruti - Foreign Education Scholarship (Odisha)",Government,Active,No,1,"Missing Min Amount"
26,vidyasiri-food-and-accommodation-scholarship-for-obc-students-karnataka,"Vidyasiri Food and Accommodation Scholarship for OBC Students (Karnataka)",Government,Active,No,1,"Expired Deadline (2026-08-31)"
32,pre-matric-minorities-karnataka,"Pre-Matric Minorities (Karnataka)",Government,Active,No,1,"Expired Deadline (2026-09-30)"
azim-premji-scholarship,azim-premji-scholarship,"Azim Premji Scholarship 2026-27",Private,Active,No,1,"Expired Deadline (2026-08-31)"
kc-mahindra-scholarship,kc-mahindra-scholarship-for-post-graduate-studies-abroad,"KC Mahindra Scholarship for Post-Graduate Studies Abroad",Private,Active,No,1,"Old Year Reference (e.g. 2024 or 2025 in title or description)"
maharashtra-goi-post-matric-sc,maharashtra-goi-post-matric-scholarship-for-sc,"Maharashtra GOI Post-Matric Scholarship for SC",Government,Active,No,1,"Expired Deadline (2026-09-30)"
telangana-overseas-bc-ebc,mahatma-jyothiba-phule-overseas-vidya-nidhi-bcebc,"Mahatma Jyotiba Phule Overseas Vidya Nidhi",Government,Active,No,1,"Expired Deadline (2026-09-30)"
telangana-overseas-sc-st,ambedkar-overseas-vidya-nidhi-scst,"Dr. B.R. Ambedkar Overseas Vidya Nidhi",Government,Active,No,1,"Expired Deadline (2026-09-30)"
mp-mmvy,mukhyamantri-medhavi-vidyarthi-yojana-mmvy,"Mukhyamantri Medhavi Vidyarthi Yojana (MMVY)",Government,Active,No,1,"Missing Min Amount"
assam-dhe-combined-merit,assam-dhe-combined-merit-scholarship,"Assam DHE Combined Merit Scholarship",Government,Active,No,1,"Old Year Reference (e.g. 2024 or 2025 in title or description)"
goa-sohirobanath-bursary,sant-sohirobanath-ambiye-bursary-scheme,"Sant Sohirobanath Ambiye Bursary Scheme",Government,Active,No,1,"Missing Min Amount"
national-fellowship-scholarship-for-higher-education-of-st-students,national-fellowship-scholarship-for-higher-education-of-st-students,"National Fellowship & Scholarship for Higher Education of ST Students",Government,Active,No,1,"Missing Required Documents"
nec-merit-scholarship,nec-merit-scholarship,"NEC Merit Scholarship",Government,Active,No,1,"Missing Required Documents"
pre-matric-scholarship-for-students-with-disabilities,pre-matric-scholarship-for-students-with-disabilities,"Pre-Matric Scholarship for Students with Disabilities",Government,Active,No,1,"Missing Required Documents"
pm-scholarship-scheme-railways,pm-scholarship-scheme-railways,"PM Scholarship Scheme (Railways)",Government,Active,No,1,"Missing Required Documents"
tata-trusts-education-grants,tata-trusts-education-grants,"Tata Trusts Education Grants",Private,Active,No,1,"Missing Required Documents"
kotak-shiksha-nidhi-scholarship,kotak-shiksha-nidhi-scholarship,"Kotak Shiksha Nidhi Scholarship",Private,Active,No,1,"Missing Required Documents"
vidyasaarathi-scholarship-csr-programs,vidyasaarathi-scholarship-csr-programs,"Vidyasaarathi Scholarship (CSR Programs)",Private,Active,No,1,"Missing Required Documents"
ssp-pre-matric-post-matric-scholarship-karnataka,ssp-pre-matric-post-matric-scholarship-karnataka,"SSP Pre-Matric & Post-Matric Scholarship (Karnataka)",Government,Active,No,1,"Missing Required Documents"
nmms-scholarship-karnataka,nmms-scholarship-karnataka,"NMMS Scholarship (Karnataka)",Government,Active,No,1,"Missing Required Documents"
nmms-scholarship-maharashtra,nmms-scholarship-maharashtra,"NMMS Scholarship (Maharashtra)",Government,Active,No,1,"Missing Required Documents"
lila-poonawalla-foundation-scholarship,lila-poonawalla-foundation-scholarship,"Lila Poonawalla Foundation Scholarship",Private,Active,No,1,"Missing Required Documents"
sc_corp_sbi_001,sbi-platinum-jubilee-asha-scholarship,"SBI Platinum Jubilee Asha Scholarship 2026-27",Private,Active,No,1,"Old Year Reference (e.g. 2024 or 2025 in title or description)"
sc_corp_nsf_001,narotam-sekhsaria-postgraduate-scholarship,"Narotam Sekhsaria Postgraduate Scholarship 2026",Private,Active,No,1,"Old Year Reference (e.g. 2024 or 2025 in title or description)"
sc_corp_hul_001,glow-lovely-careers-scholarship-for-women,"Glow & Lovely Careers Scholarship for Women 2026-27",Corporate,Active,No,1,"Old Year Reference (e.g. 2024 or 2025 in title or description)"
sc_corp_tata_002,tata-trusts-medical-and-healthcare-scholarship,"Tata Trusts Medical and Healthcare Scholarship 2026-27",Private,Active,No,1,"Old Year Reference (e.g. 2024 or 2025 in title or description)"
junior-merit-scholarship,junior-merit-scholarship,"Junior Merit Scholarship",Government,Active,No,1,"Old Year Reference (e.g. 2024 or 2025 in title or description)"
minority-scholarship-pre-matric,minority-scholarship-pre-matric,"Minority Scholarship (Pre-Matric)",Government,Active,No,1,"Expired Deadline (2026-09-30)"
central-sector-scholarship-kerala-applicants-via-dce,central-sector-scholarship-kerala-applicants-via-dce,"Central Sector Scholarship (Kerala applicants via DCE)",Government,Active,No,1,"Missing Helpline Contact Details"
chief-minister-medhavi-yojana,chief-minister-medhavi-yojana,"Chief Minister Medhavi Yojana",Government,Active,No,1,"Expired Deadline (2026-09-30)"
pragyan-bharati-scheme,pragyan-bharati-scheme,"Pragyan Bharati Scheme",Government,Active,No,1,"Missing Helpline Contact Details"
goa-dayanand-social-security-scheme-students,goa-dayanand-social-security-scheme-students,"Goa Dayanand Social Security Scheme (Students)",Government,Active,No,1,"Missing Helpline Contact Details"
manipur-state-merit-scholarship,manipur-state-merit-scholarship,"Manipur State Merit Scholarship",Government,Active,No,1,"Missing Helpline Contact Details"
sikkim-state-merit-scholarship,sikkim-state-merit-scholarship,"Sikkim State Merit Scholarship",Government,Active,No,1,"Expired Deadline (2026-09-30)"
arunachal-pradesh-state-merit-scholarship,arunachal-pradesh-state-merit-scholarship,"Arunachal Pradesh State Merit Scholarship",Government,Active,No,1,"Missing Helpline Contact Details"
ladakh-ut-merit-scholarship,ladakh-ut-merit-scholarship,"Ladakh UT Merit Scholarship",Government,Active,No,1,"Missing Helpline Contact Details"
colgate-keep-india-smiling-scholarship,colgate-keep-india-smiling-scholarship,"Colgate Keep India Smiling Scholarship",Private,Active,No,1,"Expired Deadline (2026-09-05)"
siemens-scholarship-program,siemens-scholarship-program,"Siemens Scholarship Program",Private,Active,No,1,"Expired Deadline (2026-09-27)"
op-jindal-engineering-management-scholarship,op-jindal-engineering-management-scholarship,"OP Jindal Engineering & Management Scholarship",Private,Active,No,1,"Expired Deadline (2026-09-15)"
teach-for-india-fellowship,teach-for-india-fellowship,"Teach For India Fellowship",Private,Active,No,1,"Missing Helpline Contact Details"
young-india-fellowship-ashoka-university,young-india-fellowship-ashoka-university,"Young India Fellowship (Ashoka University)",Private,Active,No,1,"Expired Deadline (2026-03-31)"
tn-pre-matric-bc-mbc,tamil-nadu-pre-matric-scholarship-for-bcmbc-minorities,"Tamil Nadu Pre-Matric Scholarship for BC/MBC/Minorities",Government,Active,No,1,"Expired Deadline (2026-08-14)"
mp-gaon-ki-beti,mp-gaon-ki-beti-yojana,"Gaon Ki Beti Yojana (Madhya Pradesh)",Government,Active,No,1,"Expired Deadline (2026-08-01)"
mp-pratibha-kiran,mp-pratibha-kiran-yojana,"Pratibha Kiran Yojana (Madhya Pradesh)",Government,Active,No,1,"Expired Deadline (2026-09-30)"
gujarat-pms-sc,digital-gujarat-post-matric-scholarship-for-sc-students,"Digital Gujarat Post-Matric Scholarship for SC Students",Government,Active,No,1,"Expired Deadline (2026-09-30)"
gujarat-food-bill-assistance,gujarat-food-bill-assistance-for-medical-engineering-hostellers,"Food Bill Assistance to SEBC/SC/ST Hostellers",Government,Active,No,1,"Expired Deadline (2026-09-30)"
punjab-attendance-sc-girls,punjab-attendance-scholarship-for-sc-girls,"Attendance Scholarship for SC Girls",Government,Active,No,1,"Invalid Apply URL format: ""Managed offline via respective government schools"""
bihar-pms-sc,bihar-post-matric-scholarship-for-sc-students,"Bihar Post-Matric Scholarship for SC Students",Government,Active,No,1,"Expired Deadline (2026-09-30)"
bihar-pms-st,bihar-post-matric-scholarship-for-st-students,"Bihar Post-Matric Scholarship for ST Students",Government,Active,No,1,"Expired Deadline (2026-09-30)"
maharashtra-punjabrao-hostel,dr-panjabrao-deshmukh-vasatigruh-nirvah-bhatta-yojna,"Dr. Panjabrao Deshmukh Vasatigruh Nirvah Bhatta Yojna",Government,Active,No,1,"Expired Deadline (2026-09-30)"
kerala-kscste-prathibha,kerala-kscste-prathibha-scholarship,"Prathibha Scholarship Programme",Government,Active,No,1,"Expired Deadline (2026-02-29)"
cg-noni-suraksha,noni-suraksha-yojana-cg,"Noni Suraksha Yojana",Government,Active,No,1,"Always Open marked but rolling/continuous verification text is missing in descriptions"
kotak-kanya-scholarship,kotak-kanya-scholarship,"Kotak Kanya Scholarship 2026-27",Corporate,Active,No,1,"Expired Deadline (2026-09-30)"
adobe-ai-research-fellowship,adobe-ai-research-fellowship,"Adobe India AI Research Fellowship",Corporate,Active,No,1,"Expired Deadline (2026-04-30)"
cbse-single-girl-child,cbse-merit-scholarship-for-single-girl-child,"CBSE Merit Scholarship for Single Girl Child",Government,Active,No,1,"Old Year Reference (e.g. 2024 or 2025 in title or description)"
nsp-pre-matric-minorities,pre-matric-scholarship-scheme-for-minorities-nsp,"Pre-Matric Scholarship Scheme for Minorities (NSP)",Government,Active,No,1,"Expired Deadline (2026-09-30)"
aditya-birla-capital-csr,aditya-birla-capital-scholarship,"Aditya Birla Capital Scholarship",Private,Active,No,1,"Expired Deadline (2026-09-30)"
faea-undergraduate-scholarship,faea-scholarship,"Foundation for Academic Excellence and Access (FAEA) Scholarship",Private,Active,No,1,"Expired Deadline (2026-07-07)"
cm-raitha-vidya-nidhi-farmers-children-scholarship-karnataka,cm-raitha-vidya-nidhi-farmers-children-scholarship-karnataka,"CM Raitha Vidya Nidhi - Farmer's Children Scholarship (Karnataka)",Government,Active,No,1,"Expired Deadline (2026-09-30)"
incentive-for-sslc-2nd-puc-students-minorities-karnataka,incentive-for-sslc-2nd-puc-students-minorities-karnataka,"Incentive for SSLC & 2nd PUC Students - Minorities (Karnataka)",Government,Active,No,1,"Expired Deadline (2026-09-30)"
bits-pilani-tuition-blind-admission-scholarship,bits-pilani-tuition-blind-admission-scholarship,"BITS Pilani Tuition-Blind Admission Scholarship",Private,Active,No,1,"Expired Deadline (2026-03-16)"
iit-bombay-merit-cum-means-scholarship,iit-bombay-merit-cum-means-scholarship,"IIT Bombay Merit-cum-Means Scholarship",Government,Active,No,1,"Old Year Reference (e.g. 2024 or 2025 in title or description)"
iit-kharagpur-endowment-donor-scholarships,iit-kharagpur-endowment-donor-scholarships,"IIT Kharagpur Endowment & Donor Scholarships",Private,Active,No,1,"Old Year Reference (e.g. 2024 or 2025 in title or description)"
nit-trichy-recal-foundation-scholarships,nit-trichy-recal-foundation-scholarships,"NIT Trichy RECAL Foundation Scholarships",Private,Active,No,1,"Expired Deadline (2026-06-25)"
nit-surathkal-merit-cum-means-scholarships,nit-surathkal-merit-cum-means-scholarships,"NITK Surathkal Merit-cum-Means & Merit Scholarships",Government,Active,No,1,"Expired Deadline (2026-09-30)"
nit-surathkal-tuition-fee-remission,nit-surathkal-tuition-fee-remission,"NITK Surathkal Tuition Fee Remission",Government,Active,No,1,"Expired Deadline (2026-06-08)"
nit-surathkal-garrett-memorial-scholarships,nit-surathkal-garrett-memorial-scholarships,"NITK Garrett and Memorial Scholarships",Private,Active,No,1,"Old Year Reference (e.g. 2024 or 2025 in title or description)"
uoh-student-assistance-aid,uoh-student-assistance-aid,"University of Hyderabad Student Assistance (UoH-SA) Scheme",Government,Active,No,1,"Expired Deadline (2026-09-15)"
vtu-jnana-yaana-doctoral-fellowship,vtu-jnana-yaana-doctoral-fellowship,"VTU Jnana Yaana Doctoral Fellowship (JYDF)",Government,Active,No,1,"Expired Deadline (2026-09-21)"
sppu-earn-and-learn-scheme,sppu-earn-and-learn-scheme,"SPPU Karmaveer Bhaurao Patil Earn & Learn Scheme",Government,Active,No,1,"Expired Deadline (2026-08-10)"
ashoka-university-need-based-financial-aid,ashoka-university-need-based-financial-aid,"Ashoka University Need-Based Financial Aid",Private,Active,No,1,"Expired Deadline (2026-05-31)"
ashoka-university-merit-scholarships,ashoka-university-merit-scholarships,"Ashoka University Merit-Based Test Topper Scholarships",Private,Active,No,1,"Expired Deadline (2026-05-31)"
viteee-gvsdp-merit-scholarship,viteee-gvsdp-merit-scholarship,"VIT B.Tech GV School Development Programme (GVSDP) Merit Scholarship",Private,Active,No,1,"Expired Deadline (2026-04-12)"
uoh-non-net-fellowship,uoh-non-net-fellowship,"University of Hyderabad UGC Non-NET Fellowship",Government,Active,No,1,"Always Open marked but rolling/continuous verification text is missing in descriptions"
anna-university-first-graduate-concession,anna-university-first-graduate-concession,"Tamil Nadu First Graduate Concession (Anna University)",Government,Active,No,1,"Expired Deadline (2026-09-25)"
umbrella-st-jk,umbrella-st-jk,"Umbrella Scheme for Education of ST Students (J&K)",Government,Active,No,1,"Expired Deadline (2026-09-20)"
sc-scholarship-jk,sc-scholarship-jk,"Pre-Matric & Post-Matric Scholarship for SC Students (J&K)",Government,Active,No,1,"Expired Deadline (2026-09-15)"
pre-matric-sc-st-hp,pre-matric-sc-st-hp,"Pre-Matric Scholarship for SC/ST Students (Class 9-10) (HP)",Government,Active,No,1,"Expired Deadline (2026-09-30)"
jsw-udaan-scholarship,jsw-udaan-scholarship,"JSW Udaan Scholarship",Corporate,Active,No,1,"Expired Deadline (2026-10-03)"
central-sector-scholarship-csss,central-sector-scholarship-csss,"Central Sector Scheme of Scholarship for College and University Students (CSSS)",Government,Active,No,1,"Expired Deadline (2026-09-30)"
aai-sports-scholarship-scheme,aai-sports-scholarship-scheme,"Airports Authority of India (AAI) Sports Scholarship",Government,Active,No,1,"Expired Deadline (2026-03-18)"
delhi-govt-play-and-progress-scheme,delhi-govt-play-and-progress-scheme,"Delhi Government Play and Progress Scheme",Government,Active,No,1,"Expired Deadline (2026-05-07)"
harrison-state-sports-scholarship-scheme,harrison-state-sports-scholarship-scheme,"Haryana State Sports Scholarship Scheme",Government,Active,No,1,"Old Year Reference (e.g. 2024 or 2025 in title or description)"
schaeffler-india-hope-engineering-scholarship,schaeffler-india-hope-engineering-scholarship,"Schaeffler India Hope Engineering Scholarship 2026",Corporate,Active,No,1,"Expired Deadline (2026-08-15)"
raman-kant-munjal-scholarship,raman-kant-munjal-scholarship,"Raman Kant Munjal Scholarship 2026",Trust,Active,No,1,"Expired Deadline (2026-09-30)"
gyandhan-scholarship,gyandhan-scholarship,"GyanDhan Scholarship 2026",Private,Active,No,1,"Expired Deadline (2026-08-29)"
buddy4study-india-foundation-scholarship,buddy4study-india-foundation-scholarship,"Buddy4Study India Foundation Scholarship 2026",Private,Active,No,1,"Expired Deadline (2026-08-31)"
digital-gujarat-scholarship-portal,digital-gujarat-scholarship-portal,"Digital Gujarat Scholarship Portal (Pre-Matric & Post-Matric)",Government,Active,No,1,"Expired Deadline (2026-09-30)"
lucknow-university-chhatra-kalyan-scholarship,lucknow-university-chhatra-kalyan-scholarship,"Lucknow University Chhatra Kalyan Scholarship (Student Welfare Fund)",University,Active,No,1,"Expired Deadline (2026-08-31)"
gujarat-scholarship-to-disabled-students,gujarat-scholarship-to-disabled-students,"Scholarship to the Disabled Students (Divyang) (Gujarat)",Government,Active,No,1,"Expired Deadline (2026-09-30)"
dr-ambedkar-post-matric-scholarship-sc-gujarat,dr-ambedkar-post-matric-scholarship-sc-gujarat,"Dr. Ambedkar Post-Matric Scholarship for SC Students (Gujarat)",Government,Active,No,1,"Expired Deadline (2026-09-30)"
swami-vivekanand-stipend-scheme-iti-gujarat,swami-vivekanand-stipend-scheme-iti-gujarat,"Swami Vivekanand Stipend Scheme for ITI & Technical Courses (Gujarat)",Government,Active,No,1,"Expired Deadline (2026-09-30)"
gujarat-pre-matric-scholarship-sc-st-obc,gujarat-pre-matric-scholarship-sc-st-obc,"Gujarat State Pre-Matric Scholarship for SC/ST/OBC Students",Government,Active,No,1,"Expired Deadline (2026-09-30)"
nsp-otr-registration-guidelines-2026,nsp-otr-one-time-registration-scheme,"NSP One-Time Registration (OTR) Scheme 2026-27",Government,Active,No,1,"Expired Deadline (2026-09-30)"
bihar-postmatric-pms-scholarship-2026,bihar-postmatric-pms-scholarship,"Bihar Post-Matric PMS Scholarship 2026-27",Government,Active,No,1,"Expired Deadline (2026-09-30)"
mit-graduate-fellowships-assistantships-for-international-students,mit-graduate-fellowships-assistantships-for-international-students,"MIT Graduate Fellowships & Assistantships for International Students",University,Active,No,1,"Missing Deadline Date"
nyu-tandon-school-of-engineering-merit-scholarships-and-fellowships-for-graduate-students,nyu-tandon-school-of-engineering-merit-scholarships-and-fellowships-for-graduate-students,"NYU Tandon School of Engineering Merit Scholarships and Fellowships for Graduate Students",University,Active,No,1,"Missing Deadline Date"
texas-am-graduate-assistantships-tara,texas-am-graduate-assistantships-tara,"Texas A&M Graduate Assistantships (TA/RA)",University,Active,No,1,"Missing Deadline Date"