"Priority","Query","Intent","Clicks","Impressions","CTR","Position","Opportunity score","Owner","Owner type","Owner share","Ownership","Meaningful pages","Secondary pages","Recommended action"
"1","e kalyan","entity lookup","644","222724","0.29","3.74","16095","https://www.indiascholarships.in/scholarships/jharkhand-e-kalyan-post-matric-scholarship","scholarship detail","92.4","Clear owner","1","","Improve the existing owner: refresh current-cycle facts, title/meta, answer-first copy, and relevant internal links."
"2","digital gujarat scholarship","entity lookup","354","138996","0.25","6.39","10020","https://www.indiascholarships.in/scholarships/digital-gujarat-post-matric-scholarship-for-sc-students","scholarship detail","51.6","Split / unclear","2","/scholarships/gujarat-post-matric-scholarship-for-obc (38681)","Consolidate: choose one primary owner, strengthen internal links, and differentiate or canonicalise competing pages."
"3","ekalyan","entity lookup","197","69343","0.28","4.52","5221","https://www.indiascholarships.in/scholarships/jharkhand-e-kalyan-post-matric-scholarship","scholarship detail","99.5","Clear owner","1","","Improve the existing owner: refresh current-cycle facts, title/meta, answer-first copy, and relevant internal links."
"4","state scholarship","entity lookup","181","64323","0.28","6.05","4704","https://www.indiascholarships.in/scholarships-in/odisha","state hub","97.7","Clear owner","1","","Improve the existing owner: refresh current-cycle facts, title/meta, answer-first copy, and relevant internal links."
"5","oasis scholarship","entity lookup","274","61716","0.44","4.57","4563","https://www.indiascholarships.in/scholarships/oasis-post-matric-scholarship-for-obc-students-west-bengal","scholarship detail","53.6","Split / unclear","2","/scholarships/oasis-post-matric-scholarship-for-st-students-west-bengal (12783)","Consolidate: choose one primary owner, strengthen internal links, and differentiate or canonicalise competing pages."
"6","nabanna scholarship","entity lookup","1617","77001","2.10","4.29","4382","https://www.indiascholarships.in/scholarships/nabanna-scholarship-west-bengal","scholarship detail","90.8","Clear owner","1","","Improve the existing owner: refresh current-cycle facts, title/meta, answer-first copy, and relevant internal links."
"7","nsp portal","entity lookup","70","57867","0.12","6.16","4294","https://www.indiascholarships.in/guides/nsp","portal guide","99.6","Clear owner","1","","Improve the existing owner: refresh current-cycle facts, title/meta, answer-first copy, and relevant internal links."
"8","mmvy","entity lookup","167","54449","0.31","4.49","4082","https://www.indiascholarships.in/scholarships/mukhyamantri-medhavi-vidyarthi-yojana-mmvy","scholarship detail","98.3","Clear owner","1","","Improve the existing owner: refresh current-cycle facts, title/meta, answer-first copy, and relevant internal links."
"9","nsp","entity lookup","72","50480","0.14","5.72","3823","https://www.indiascholarships.in/guides/nsp","portal guide","99.3","Clear owner","1","","Improve the existing owner: refresh current-cycle facts, title/meta, answer-first copy, and relevant internal links."
"10","jindal scholarship","entity lookup","1927","71821","2.68","5.26","3768","https://www.indiascholarships.in/scholarships/sitaram-jindal-foundation-scholarship","scholarship detail","100.0","Clear owner","1","","Improve the existing owner: refresh current-cycle facts, title/meta, answer-first copy, and relevant internal links."
"11","aikyashree","entity lookup","312","48783","0.64","7.52","3138","https://www.indiascholarships.in/scholarships/aikyashree-scholarship-west-bengal-minority","scholarship detail","42.3","Split / unclear","4","/te/scholarships/aikyashree-merit-cum-means-scholarship-for-minorities-west-bengal/eligibility (8640) | /scholarships/aikyashree-merit-cum-means-scholarship-for-minorities-west-bengal/apply-online (5150) | /scholarships/aikyashree-merit-cum-means-scholarship-for-minorities-west-bengal (4176)","Consolidate: choose one primary owner, strengthen internal links, and differentiate or canonicalise competing pages."
"12","post matric scholarship odisha","entity lookup","1198","52453","2.28","4.23","2882","https://www.indiascholarships.in/scholarships/post-matric-scholarship-for-st-students-odisha","scholarship detail","36.7","Split / unclear","4","/scholarships/post-matric-scholarship-for-sc-students-odisha (11932) | /scholarships-in/odisha (8848) | /scholarships/post-matric-scholarship-for-obcsebc-students-odisha (8089)","Consolidate: choose one primary owner, strengthen internal links, and differentiate or canonicalise competing pages."
"13","mptaas","entity lookup","55","32210","0.17","5.54","2453","https://www.indiascholarships.in/scholarships/mp-mptaas-post-matric-scholarship-for-obc-students","scholarship detail","92.7","Clear owner","1","","Improve the existing owner: refresh current-cycle facts, title/meta, answer-first copy, and relevant internal links."
"14","odisha state scholarship","entity lookup","624","37902","1.65","5.28","2374","https://www.indiascholarships.in/scholarships-in/odisha","state hub","98.8","Clear owner","1","","Improve the existing owner: refresh current-cycle facts, title/meta, answer-first copy, and relevant internal links."
"15","aikyashree scholarship","entity lookup","264","33601","0.79","7.79","2086","https://www.indiascholarships.in/scholarships/aikyashree-merit-cum-means-scholarship-for-minorities-west-bengal/apply-online","scholarship subpage","33.0","Split / unclear","3","/scholarships/aikyashree-scholarship-west-bengal-minority (10880) | /scholarships/aikyashree-merit-cum-means-scholarship-for-minorities-west-bengal (5084)","Consolidate: choose one primary owner, strengthen internal links, and differentiate or canonicalise competing pages."
"16","ssp pre matric scholarship","entity lookup","78","25497","0.31","5.29","1933","https://www.indiascholarships.in/scholarships/ssp-pre-matric-post-matric-scholarship-karnataka","scholarship detail","36.9","Split / unclear","4","/scholarships/ssp-pre-matric-post-matric-scholarship-karnataka/apply-online (7129) | /scholarships/legacy-ssp-pre-matric-scholarship-state-scholarship-portal (5026) | /kn/scholarships/ssp-pre-matric-post-matric-scholarship-karnataka/apply-online (2324)","Consolidate: choose one primary owner, strengthen internal links, and differentiate or canonicalise competing pages."
"17","ssp portal","entity lookup","71","27046","0.26","6.62","1923","https://www.indiascholarships.in/guides/ssp","portal guide","89.2","Clear owner","1","","Improve the existing owner: refresh current-cycle facts, title/meta, answer-first copy, and relevant internal links."
"18","e grantz","entity lookup","36","24810","0.15","5.49","1901","https://www.indiascholarships.in/scholarships/e-grantz-kerala-scstoecobc-support","scholarship detail","86.8","Clear owner","1","","Improve the existing owner: refresh current-cycle facts, title/meta, answer-first copy, and relevant internal links."
"19","azim premji scholarship","entity lookup","70","30308","0.23","8.95","1890","https://www.indiascholarships.in/scholarships/azim-premji-scholarship","scholarship detail","59.5","Split / unclear","2","/scholarships/azim-premji-scholarship/eligibility (9247)","Consolidate: choose one primary owner, strengthen internal links, and differentiate or canonicalise competing pages."
"20","egrantz 3.0","entity lookup","21","22732","0.09","6.20","1690","https://www.indiascholarships.in/scholarships/e-grantz-kerala-scstoecobc-support","scholarship detail","99.9","Clear owner","1","","Improve the existing owner: refresh current-cycle facts, title/meta, answer-first copy, and relevant internal links."
"21","ongc scholarship","entity lookup","73","24317","0.30","7.43","1645","https://www.indiascholarships.in/scholarships/ongc-scholarship-csr","scholarship detail","95.8","Clear owner","1","","Improve the existing owner: refresh current-cycle facts, title/meta, answer-first copy, and relevant internal links."
"22","e grantz 3.0","entity lookup","25","21350","0.12","5.53","1639","https://www.indiascholarships.in/scholarships/e-grantz-kerala-scstoecobc-support","scholarship detail","98.6","Clear owner","1","","Improve the existing owner: refresh current-cycle facts, title/meta, answer-first copy, and relevant internal links."
"23","azim premji scholarship 2026","entity lookup","91","23212","0.39","7.67","1530","https://www.indiascholarships.in/scholarships/azim-premji-scholarship","scholarship detail","42.4","Split / unclear","3","/scholarships/azim-premji-scholarship/eligibility (6343) | /scholarships/azim-premji-scholarship/selection-process (6033)","Consolidate: choose one primary owner, strengthen internal links, and differentiate or canonicalise competing pages."
"24","ssp pre matric","entity lookup","31","21137","0.15","6.66","1522","https://www.indiascholarships.in/scholarships/ssp-pre-matric-post-matric-scholarship-karnataka/apply-online","scholarship subpage","38.0","Split / unclear","3","/scholarships/ssp-pre-matric-post-matric-scholarship-karnataka (4716) | /ta/scholarships/ssp-pre-matric-post-matric-scholarship-karnataka/selection-process (2027)","Consolidate: choose one primary owner, strengthen internal links, and differentiate or canonicalise competing pages."
"25","e kalyan jharkhand","entity lookup","136","21955","0.62","3.67","1513","https://www.indiascholarships.in/scholarships/jharkhand-e-kalyan-post-matric-scholarship","scholarship detail","88.4","Clear owner","1","","Improve the existing owner: refresh current-cycle facts, title/meta, answer-first copy, and relevant internal links."
"26","hdfc parivartan scholarship","entity lookup","250","23809","1.05","7.24","1469","https://www.indiascholarships.in/scholarships/hdfc-bank-parivartan-ecss-scholarship","scholarship detail","99.0","Clear owner","1","","Improve the existing owner: refresh current-cycle facts, title/meta, answer-first copy, and relevant internal links."
"27","yashasvi scholarship","entity lookup","534","24962","2.14","5.13","1454","https://www.indiascholarships.in/scholarships/pm-yashasvi-scholarship","scholarship detail","97.3","Clear owner","1","","Improve the existing owner: refresh current-cycle facts, title/meta, answer-first copy, and relevant internal links."
"28","egrantz","entity lookup","17","19099","0.09","6.56","1393","https://www.indiascholarships.in/scholarships/e-grantz-kerala-scstoecobc-support","scholarship detail","94.6","Clear owner","1","","Improve the existing owner: refresh current-cycle facts, title/meta, answer-first copy, and relevant internal links."
"29","sitaram jindal scholarship","entity lookup","6893","103763","6.64","4.06","1342","https://www.indiascholarships.in/scholarships/sitaram-jindal-foundation-scholarship","scholarship detail","100.0","Clear owner","1","","Improve the existing owner: refresh current-cycle facts, title/meta, answer-first copy, and relevant internal links."
"30","scholarship odisha","entity lookup","284","20501","1.39","5.26","1339","https://www.indiascholarships.in/scholarships-in/odisha","state hub","63.5","Split / unclear","2","/scholarships/pre-matric-scholarship-for-obcsebc-students-odisha (2804)","Consolidate: choose one primary owner, strengthen internal links, and differentiate or canonicalise competing pages."
"31","odisha state scholarship portal","entity lookup","190","19241","0.99","5.93","1286","https://www.indiascholarships.in/scholarships-in/odisha","state hub","96.1","Clear owner","1","","Improve the existing owner: refresh current-cycle facts, title/meta, answer-first copy, and relevant internal links."
"32","jindal scholarship 2026","entity lookup","3091","55143","5.61","3.77","1239","https://www.indiascholarships.in/scholarships/sitaram-jindal-foundation-scholarship","scholarship detail","100.0","Clear owner","1","","Improve the existing owner: refresh current-cycle facts, title/meta, answer-first copy, and relevant internal links."
"33","post matric scholarship","entity lookup","155","19033","0.81","6.92","1236","https://www.indiascholarships.in/scholarships/post-matric-scholarship-for-obcsebc-students-odisha","scholarship detail","75.6","Clear owner","1","","Improve the existing owner: refresh current-cycle facts, title/meta, answer-first copy, and relevant internal links."
"34","mysy scholarship","entity lookup","134","20000","0.67","8.29","1225","https://www.indiascholarships.in/scholarships/mukhyamantri-yuva-swavalamban-yojana-mysy/apply-online","scholarship subpage","92.0","Clear owner","1","","Improve the existing owner: refresh current-cycle facts, title/meta, answer-first copy, and relevant internal links."
"35","mysy","entity lookup","101","18170","0.56","8.08","1144","https://www.indiascholarships.in/scholarships/mukhyamantri-yuva-swavalamban-yojana-mysy/apply-online","scholarship subpage","69.1","Split / unclear","2","/scholarships/mukhyamantri-yuva-swavalamban-yojana-mysy/renewal-process (4905)","Consolidate: choose one primary owner, strengthen internal links, and differentiate or canonicalise competing pages."
"36","odisha scholarship","entity lookup","189","16846","1.12","5.61","1123","https://www.indiascholarships.in/scholarships-in/odisha","state hub","71.9","Split / unclear","1","","Consolidate: choose one primary owner, strengthen internal links, and differentiate or canonicalise competing pages."
"37","medhavi scholarship","entity lookup","37","15363","0.24","6.38","1110","https://www.indiascholarships.in/scholarships/mukhyamantri-medhavi-vidyarthi-yojana-mmvy","scholarship detail","99.8","Clear owner","1","","Improve the existing owner: refresh current-cycle facts, title/meta, answer-first copy, and relevant internal links."
"38","pm yashasvi yojana","entity lookup","517","22090","2.34","7.77","1077","https://www.indiascholarships.in/scholarships/pm-yashasvi-scholarship","scholarship detail","99.5","Clear owner","1","","Improve the existing owner: refresh current-cycle facts, title/meta, answer-first copy, and relevant internal links."
"39","scolarship.gov.in 2026","entity lookup","167","16558","1.01","7.54","1010","https://www.indiascholarships.in/scholarships/pm-yashasvi-scholarship","scholarship detail","99.7","Clear owner","1","","Improve the existing owner: refresh current-cycle facts, title/meta, answer-first copy, and relevant internal links."
"40","hdfc scholarship","entity lookup","214","15803","1.35","7.73","907","https://www.indiascholarships.in/scholarships/hdfc-bank-parivartan-ecss-scholarship","scholarship detail","98.1","Clear owner","1","","Improve the existing owner: refresh current-cycle facts, title/meta, answer-first copy, and relevant internal links."
"41","hdfc scholarship 2026","entity lookup","454","17075","2.66","5.54","887","https://www.indiascholarships.in/scholarships/hdfc-bank-parivartan-ecss-scholarship","scholarship detail","99.7","Clear owner","1","","Improve the existing owner: refresh current-cycle facts, title/meta, answer-first copy, and relevant internal links."
"42","airtel scholarship 2026","entity lookup","37","11678","0.32","7.00","807","https://www.indiascholarships.in/scholarships/bharti-airtel-scholarship-program","scholarship detail","43.6","Split / unclear","3","/scholarships/bharti-airtel-scholarship-program/apply-online (4257) | /scholarships/bharti-airtel-scholarship-program/documents-required (2215)","Consolidate: choose one primary owner, strengthen internal links, and differentiate or canonicalise competing pages."
"43","tata capital pankh scholarship","entity lookup","1387","27945","4.96","3.94","804","https://www.indiascholarships.in/scholarships/tata-capital-pankh-scholarship","scholarship detail","99.9","Clear owner","1","","Improve the existing owner: refresh current-cycle facts, title/meta, answer-first copy, and relevant internal links."
"44","bharti airtel scholarship program 2026 27","entity lookup","15","12043","0.12","8.34","790","https://www.indiascholarships.in/scholarships/bharti-airtel-scholarship-program/apply-online","scholarship subpage","65.4","Split / unclear","2","/scholarships/bharti-airtel-scholarship-program/documents-required (2735)","Consolidate: choose one primary owner, strengthen internal links, and differentiate or canonicalise competing pages."
"45","mmvy scholarship","entity lookup","38","11410","0.33","6.98","788","https://www.indiascholarships.in/scholarships/mukhyamantri-medhavi-vidyarthi-yojana-mmvy","scholarship detail","99.8","Clear owner","1","","Improve the existing owner: refresh current-cycle facts, title/meta, answer-first copy, and relevant internal links."
"46","e-kalyan","entity lookup","55","10558","0.52","3.60","734","https://www.indiascholarships.in/scholarships/jharkhand-e-kalyan-post-matric-scholarship","scholarship detail","90.3","Clear owner","1","","Improve the existing owner: refresh current-cycle facts, title/meta, answer-first copy, and relevant internal links."
"47","faea scholarship","entity lookup","26","9891","0.26","5.97","728","https://www.indiascholarships.in/scholarships/faea-scholarship-for-undergraduate-studies","scholarship detail","91.3","Clear owner","1","","Improve the existing owner: refresh current-cycle facts, title/meta, answer-first copy, and relevant internal links."
"48","mmvy portal","entity lookup","114","11256","1.01","3.52","728","https://www.indiascholarships.in/scholarships/mukhyamantri-medhavi-vidyarthi-yojana-mmvy","scholarship detail","99.9","Clear owner","1","","Improve the existing owner: refresh current-cycle facts, title/meta, answer-first copy, and relevant internal links."
"49","ekalyan jharkhand","entity lookup","26","9118","0.29","3.79","661","https://www.indiascholarships.in/scholarships/jharkhand-e-kalyan-post-matric-scholarship","scholarship detail","93.2","Clear owner","1","","Improve the existing owner: refresh current-cycle facts, title/meta, answer-first copy, and relevant internal links."
"50","tata scholarship","entity lookup","476","14118","3.37","4.83","648","https://www.indiascholarships.in/scholarships/tata-capital-pankh-scholarship","scholarship detail","99.8","Clear owner","1","","Improve the existing owner: refresh current-cycle facts, title/meta, answer-first copy, and relevant internal links."
"51","sikshashree","entity lookup","35","8591","0.41","4.58","638","https://www.indiascholarships.in/scholarships/sikshashree-scholarship-scheme-west-bengal/apply-online","scholarship subpage","31.6","Split / unclear","3","/scholarships/sikshashree-scholarship-scheme-west-bengal (2446) | /scholarships/sikshashree-scholarship-scheme-west-bengal/selection-process (2398)","Consolidate: choose one primary owner, strengthen internal links, and differentiate or canonicalise competing pages."
"52","talliki vandanam 2026 eligibility","details/eligibility","639","15914","4.02","5.79","609","https://www.indiascholarships.in/ta/scholarships/talliki-vandanam-scheme-ap/eligibility","other","41.2","Split / unclear","3","/scholarships/talliki-vandanam-scheme-ap/eligibility (5370) | /scholarships/talliki-vandanam-scheme-ap/apply-online (2386)","Consolidate: choose one primary owner, strengthen internal links, and differentiate or canonicalise competing pages."
"53","ebc scholarship","entity lookup","28","9082","0.31","8.10","590","https://www.indiascholarships.in/scholarships-for/ebc","other","74.3","Split / unclear","2","/scholarships/maharashtra-ebc-postmatric (1382)","Consolidate: choose one primary owner, strengthen internal links, and differentiate or canonicalise competing pages."
"54","post matric scholarship odisha last date","deadline/renewal","109","8762","1.24","5.31","583","https://www.indiascholarships.in/scholarships/post-matric-scholarship-for-st-students-odisha","scholarship detail","29.3","Split / unclear","5","/scholarships/post-matric-scholarship-for-sc-students-odisha (2466) | /scholarships/post-matric-scholarship-for-obcsebc-students-odisha (2038) | /scholarships-in/odisha (999)","Consolidate: choose one primary owner, strengthen internal links, and differentiate or canonicalise competing pages."
"55","chief minister scholarship","entity lookup","241","10266","2.35","5.28","572","https://www.indiascholarships.in/scholarships/nabanna-scholarship-west-bengal","scholarship detail","99.6","Clear owner","1","","Improve the existing owner: refresh current-cycle facts, title/meta, answer-first copy, and relevant internal links."
"56","tata scholarship 2026","entity lookup","908","19060","4.76","3.31","565","https://www.indiascholarships.in/scholarships/tata-capital-pankh-scholarship","scholarship detail","99.9","Clear owner","1","","Improve the existing owner: refresh current-cycle facts, title/meta, answer-first copy, and relevant internal links."
"57","lic golden jubilee scholarship","entity lookup","233","9722","2.40","5.33","536","https://www.indiascholarships.in/scholarships/lic-golden-jubilee-scholarship","scholarship detail","97.1","Clear owner","1","","Improve the existing owner: refresh current-cycle facts, title/meta, answer-first copy, and relevant internal links."
"58","state scholarship odisha","entity lookup","113","8115","1.39","5.26","529","https://www.indiascholarships.in/scholarships-in/odisha","state hub","77.1","Clear owner","1","","Improve the existing owner: refresh current-cycle facts, title/meta, answer-first copy, and relevant internal links."
"59","hdfc bank parivartan scholarship","documents/eligibility","97","8560","1.13","7.29","521","https://www.indiascholarships.in/scholarships/hdfc-bank-parivartan-ecss-scholarship","scholarship detail","97.8","Clear owner","1","","Strengthen the dedicated eligibility/documents subpage and use the detail page as the cluster hub."
"60","e kalyan scholarship","entity lookup","45","7263","0.62","4.19","514","https://www.indiascholarships.in/scholarships/jharkhand-e-kalyan-post-matric-scholarship","scholarship detail","92.5","Clear owner","1","","Improve the existing owner: refresh current-cycle facts, title/meta, answer-first copy, and relevant internal links."
"61","pudhumai penn scheme","entity lookup","42","7903","0.53","7.79","508","https://www.indiascholarships.in/scholarships/pudhumai-penn-scheme-tamil-nadu","scholarship detail","94.3","Clear owner","1","","Improve the existing owner: refresh current-cycle facts, title/meta, answer-first copy, and relevant internal links."
"62","scholarship for 12th students by government 2026","entity lookup","197","9735","2.02","7.68","504","https://www.indiascholarships.in/scholarships/pm-yashasvi-scholarship","scholarship detail","79.4","Split / unclear","2","/government-scholarships (2166)","Consolidate: choose one primary owner, strengthen internal links, and differentiate or canonicalise competing pages."
"63","faea scholarship 2026","entity lookup","26","6861","0.38","6.23","491","https://www.indiascholarships.in/scholarships/faea-scholarship-for-undergraduate-studies","scholarship detail","90.1","Clear owner","1","","Improve the existing owner: refresh current-cycle facts, title/meta, answer-first copy, and relevant internal links."
"64","punjab scholarship","entity lookup","74","6759","1.09","4.82","463","https://www.indiascholarships.in/scholarships/punjab-post-matric-scholarship-for-scbc-students","scholarship detail","65.1","Split / unclear","2","/scholarships-in/punjab/apply-online (1073)","Consolidate: choose one primary owner, strengthen internal links, and differentiate or canonicalise competing pages."
"65","sr jindal scholarship","entity lookup","123","7433","1.65","5.53","459","https://www.indiascholarships.in/scholarships/sitaram-jindal-foundation-scholarship","scholarship detail","100.0","Clear owner","1","","Improve the existing owner: refresh current-cycle facts, title/meta, answer-first copy, and relevant internal links."
"66","ongc scholarship 2026","entity lookup","38","7712","0.49","9.20","457","https://www.indiascholarships.in/scholarships/ongc-scholarship-csr","scholarship detail","94.4","Clear owner","1","","Improve the existing owner: refresh current-cycle facts, title/meta, answer-first copy, and relevant internal links."
"67","state scholarship portal odisha","entity lookup","89","7301","1.22","6.71","453","https://www.indiascholarships.in/scholarships-in/odisha","state hub","94.1","Clear owner","1","","Improve the existing owner: refresh current-cycle facts, title/meta, answer-first copy, and relevant internal links."
"68","nirman shramik kalyan yojana scholarship","entity lookup","57","6676","0.85","6.72","436","https://www.indiascholarships.in/scholarships/boc-scholarship-nirman-shramik-kalyan-yojana-odisha","scholarship detail","90.9","Clear owner","1","","Improve the existing owner: refresh current-cycle facts, title/meta, answer-first copy, and relevant internal links."
"69","faea","entity lookup","23","5855","0.39","6.08","421","https://www.indiascholarships.in/scholarships/faea-scholarship-for-undergraduate-studies","scholarship detail","96.0","Clear owner","1","","Improve the existing owner: refresh current-cycle facts, title/meta, answer-first copy, and relevant internal links."
"70","medhavi scholarship mp 2026 last date","deadline/renewal","173","7830","2.21","3.51","420","https://www.indiascholarships.in/scholarships/mukhyamantri-medhavi-vidyarthi-yojana-mmvy","scholarship detail","99.8","Clear owner","1","","Strengthen the dedicated last-date or renewal subpage, with verified current-cycle dates and a clear link from the detail page."
"71","scholarship last date 2026","deadline/renewal","53","6603","0.80","7.38","419","https://www.indiascholarships.in/scholarships/pm-yashasvi-scholarship","scholarship detail","62.2","Split / unclear","1","","Consolidate: choose one primary owner, strengthen internal links, and differentiate or canonicalise competing pages."
"72","post matric scholarship odisha status check","status/troubleshooting","221","8011","2.76","4.79","415","https://www.indiascholarships.in/scholarships/post-matric-scholarship-for-obcsebc-students-odisha","scholarship detail","56.8","Split / unclear","2","/scholarships/post-matric-scholarship-for-st-students-odisha (1292)","Consolidate: choose one primary owner, strengthen internal links, and differentiate or canonicalise competing pages."
"73","nabanna","entity lookup","14","6706","0.21","9.30","410","https://www.indiascholarships.in/scholarships/nabanna-scholarship-west-bengal","scholarship detail","97.1","Clear owner","1","","Improve the existing owner: refresh current-cycle facts, title/meta, answer-first copy, and relevant internal links."
"74","scholarship 2026","entity lookup","426","10647","4.00","4.23","409","https://www.indiascholarships.in/scholarships","other","72.7","Split / unclear","2","/scholarships/pm-yashasvi-scholarship (3138)","Consolidate: choose one primary owner, strengthen internal links, and differentiate or canonicalise competing pages."
"75","talliki vandanam release date 2026","deadline/renewal","26","6982","0.37","9.85","403","https://www.indiascholarships.in/scholarships/talliki-vandanam-scheme-ap/last-date","scholarship subpage","66.2","Split / unclear","2","/scholarships/talliki-vandanam-scheme-ap/apply-online (2224)","Consolidate: choose one primary owner, strengthen internal links, and differentiate or canonicalise competing pages."
"76","scholarship","entity lookup","90","6226","1.45","6.20","384","https://www.indiascholarships.in/scholarships","other","51.7","Split / unclear","2","/scholarships/hdfc-bank-parivartan-ecss-scholarship (905)","Consolidate: choose one primary owner, strengthen internal links, and differentiate or canonicalise competing pages."
"77","talliki vandanam","entity lookup","1295","21082","6.14","5.75","377","https://www.indiascholarships.in/scholarships/talliki-vandanam-scheme-ap/apply-online","scholarship subpage","29.9","Split / unclear","5","/scholarships/talliki-vandanam-scheme-ap/selection-process (3847) | /or/scholarships/talliki-vandanam-scheme-ap/selection-process (2786) | /hi/scholarships/talliki-vandanam-scheme-ap/income-limit (2282)","Consolidate: choose one primary owner, strengthen internal links, and differentiate or canonicalise competing pages."
"78","hdfc parivartan scholarship 2026","entity lookup","86","6068","1.42","6.21","375","https://www.indiascholarships.in/scholarships/hdfc-bank-parivartan-ecss-scholarship","scholarship detail","99.9","Clear owner","1","","Improve the existing owner: refresh current-cycle facts, title/meta, answer-first copy, and relevant internal links."
"79","kanyashree","entity lookup","19","5908","0.32","8.46","375","https://www.indiascholarships.in/scholarships/kanyashree-prakalpa-scheme-west-bengal/apply-online","scholarship subpage","43.9","Split / unclear","3","/scholarships/kanyashree-prakalpa-scheme-west-bengal/selection-process (2451) | /scholarships/kanyashree-prakalpa-scheme-west-bengal/last-date (594)","Consolidate: choose one primary owner, strengthen internal links, and differentiate or canonicalise competing pages."
"80","e grantz scholarship","entity lookup","37","5642","0.66","6.91","375","https://www.indiascholarships.in/scholarships/e-grantz-kerala-scstoecobc-support","scholarship detail","81.2","Split / unclear","2","/scholarships/e-grantz-kerala-scstoecobc-support/apply-online (942)","Consolidate: choose one primary owner, strengthen internal links, and differentiate or canonicalise competing pages."
"81","odisha scholarship portal","entity lookup","29","5092","0.57","6.29","354","https://www.indiascholarships.in/scholarships-in/odisha","state hub","66.5","Split / unclear","2","/scholarships/post-matric-scholarship-for-sc-students-odisha/apply-online (1160)","Consolidate: choose one primary owner, strengthen internal links, and differentiate or canonicalise competing pages."
"82","digital gujarat scholarship 2026","entity lookup","27","5211","0.52","6.90","353","https://www.indiascholarships.in/scholarships/digital-gujarat-post-matric-scholarship-for-sc-students","scholarship detail","53.4","Split / unclear","2","/scholarships/gujarat-post-matric-scholarship-for-obc (1520)","Consolidate: choose one primary owner, strengthen internal links, and differentiate or canonicalise competing pages."
"83","sitaram jindal foundation","entity lookup","68","5366","1.27","5.59","351","https://www.indiascholarships.in/scholarships/sitaram-jindal-foundation-scholarship","scholarship detail","100.0","Clear owner","1","","Improve the existing owner: refresh current-cycle facts, title/meta, answer-first copy, and relevant internal links."
"84","reliance foundation scholarship","entity lookup","89","5621","1.58","5.65","349","https://www.indiascholarships.in/scholarships/reliance-foundation-undergraduate-scholarship","scholarship detail","90.7","Clear owner","1","","Improve the existing owner: refresh current-cycle facts, title/meta, answer-first copy, and relevant internal links."
"85","hdfc scholarship 2026 last date","deadline/renewal","72","5704","1.26","6.86","349","https://www.indiascholarships.in/scholarships/hdfc-bank-parivartan-ecss-scholarship","scholarship detail","99.9","Clear owner","1","","Strengthen the dedicated last-date or renewal subpage, with verified current-cycle dates and a clear link from the detail page."
"86","ishan uday scholarship 2026","entity lookup","13","5567","0.23","8.97","346","https://www.indiascholarships.in/scholarships/ishan-uday-special-scholarship-for-north-eastern-region","scholarship detail","54.2","Split / unclear","2","/scholarships/ishan-uday-special-scholarship-for-north-eastern-region/apply-online (1533)","Consolidate: choose one primary owner, strengthen internal links, and differentiate or canonicalise competing pages."
"87","lic scholarship","entity lookup","121","6129","1.97","6.34","345","https://www.indiascholarships.in/scholarships/lic-golden-jubilee-scholarship","scholarship detail","96.1","Clear owner","1","","Improve the existing owner: refresh current-cycle facts, title/meta, answer-first copy, and relevant internal links."
"88","mptaas scholarship","entity lookup","17","4864","0.35","6.51","344","https://www.indiascholarships.in/scholarships/mp-mptaas-post-matric-scholarship-for-obc-students","scholarship detail","96.8","Clear owner","1","","Improve the existing owner: refresh current-cycle facts, title/meta, answer-first copy, and relevant internal links."
"89","ssp post matric scholarship 2026","entity lookup","14","4647","0.30","5.92","341","https://www.indiascholarships.in/scholarships/legacy-ssp-post-matric-scholarship-state-scholarship-portal/apply-online","scholarship subpage","99.9","Clear owner","1","","Improve the existing owner: refresh current-cycle facts, title/meta, answer-first copy, and relevant internal links."
"90","obc scholarship","entity lookup","58","5653","1.03","8.31","329","https://www.indiascholarships.in/scholarships-for/obc","other","91.0","Clear owner","1","","Improve the existing owner: refresh current-cycle facts, title/meta, answer-first copy, and relevant internal links."
"91","graduation scholarship","entity lookup","50","5372","0.93","7.97","323","https://www.indiascholarships.in/scholarships/mukhyamantri-kanya-utthan-yojana-graduation","scholarship detail","98.9","Clear owner","1","","Improve the existing owner: refresh current-cycle facts, title/meta, answer-first copy, and relevant internal links."
"92","yes","entity lookup","65","5070","1.28","3.86","321","https://www.indiascholarships.in/scholarships/pm-yashasvi-scholarship","scholarship detail","6.6","Split / unclear","6","/scholarships/reliance-foundation-undergraduate-scholarship (187) | /scholarships/hdfc-bank-parivartan-ecss-scholarship (116) | /scholarships/bitsat-scholarship (81)","Consolidate: choose one primary owner, strengthen internal links, and differentiate or canonicalise competing pages."
"93","obc scholarship 2026","entity lookup","393","9001","4.37","4.58","320","https://www.indiascholarships.in/scholarships-for/obc","other","98.4","Clear owner","1","","Improve the existing owner: refresh current-cycle facts, title/meta, answer-first copy, and relevant internal links."
"94","india foundation scholarship 2026","entity lookup","88","5179","1.70","5.62","316","https://indiascholarships.in/","other","46.5","Split / unclear","3","/private-scholarships (1531) | / (1339)","Consolidate: choose one primary owner, strengthen internal links, and differentiate or canonicalise competing pages."
"95","pm scholarship scheme 2026","entity lookup","36","5222","0.69","8.95","306","https://www.indiascholarships.in/scholarships/pm-yashasvi-scholarship","scholarship detail","48.2","Split / unclear","2","/scholarships/pm-scholarship-scheme-railways/apply-online (2394)","Consolidate: choose one primary owner, strengthen internal links, and differentiate or canonicalise competing pages."
"96","নবান্ন স্কলারশিপ","entity lookup","84","4928","1.70","4.64","305","https://www.indiascholarships.in/scholarships/nabanna-scholarship-west-bengal","scholarship detail","98.6","Clear owner","1","","Improve the existing owner: refresh current-cycle facts, title/meta, answer-first copy, and relevant internal links."
"97","mahadbt","entity lookup","34","4889","0.70","8.03","303","https://www.indiascholarships.in/or/scholarships/mahadbt-post-matric-scholarship-maharashtra/documents-required","other","48.0","Split / unclear","2","/ta/scholarships/mahadbt-post-matric-scholarship-maharashtra/apply-online (653)","Consolidate: choose one primary owner, strengthen internal links, and differentiate or canonicalise competing pages."
"98","pm yasasvi","entity lookup","249","7014","3.55","6.43","290","https://www.indiascholarships.in/scholarships/pm-yashasvi-scholarship","scholarship detail","99.6","Clear owner","1","","Improve the existing owner: refresh current-cycle facts, title/meta, answer-first copy, and relevant internal links."
"99","nmms scholarship amount","details/eligibility","42","4436","0.95","6.63","287","https://www.indiascholarships.in/scholarships/national-means-cum-merit-scholarship","scholarship detail","87.2","Clear owner","1","","Improve the existing owner: refresh current-cycle facts, title/meta, answer-first copy, and relevant internal links."
"100","kotak kanya scholarship 2026","entity lookup","58","4396","1.32","5.73","283","https://www.indiascholarships.in/scholarships/kotak-kanya-scholarship","scholarship detail","85.7","Clear owner","1","","Improve the existing owner: refresh current-cycle facts, title/meta, answer-first copy, and relevant internal links."
"101","nmms","entity lookup","58","4322","1.34","5.72","277","https://www.indiascholarships.in/scholarships/national-means-cum-merit-scholarship","scholarship detail","97.4","Clear owner","1","","Improve the existing owner: refresh current-cycle facts, title/meta, answer-first copy, and relevant internal links."
"102","post matric scholarship bihar","entity lookup","99","5052","1.96","6.90","276","https://www.indiascholarships.in/scholarships/bihar-post-matric-scholarship-bcebc/last-date","scholarship subpage","34.3","Split / unclear","4","/scholarships/bihar-post-matric-scholarship-bcebc/apply-online (1083) | /kn/scholarships/bihar-post-matric-scholarship-for-st-students/apply-online (1070) | /scholarships/bihar-post-matric-scholarship-for-st-students (748)","Consolidate: choose one primary owner, strengthen internal links, and differentiate or canonicalise competing pages."
"103","bharti airtel scholarship","entity lookup","17","4168","0.41","7.79","272","https://www.indiascholarships.in/scholarships/bharti-airtel-scholarship-program/apply-online","scholarship subpage","42.4","Split / unclear","3","/scholarships/bharti-airtel-scholarship-program (1746) | /scholarships/bharti-airtel-scholarship-program/eligibility (385)","Consolidate: choose one primary owner, strengthen internal links, and differentiate or canonicalise competing pages."
"104","post matric scholarship cg","entity lookup","17","3778","0.45","5.95","272","https://www.indiascholarships.in/scholarships/chhattisgarh-post-matric-scholarship-sc","scholarship detail","71.9","Split / unclear","2","/ta/scholarships/chhattisgarh-post-matric-scholarship-st/apply-online (924)","Consolidate: choose one primary owner, strengthen internal links, and differentiate or canonicalise competing pages."
"105","yashasvi scholarship scheme","entity lookup","245","6369","3.85","5.15","263","https://www.indiascholarships.in/scholarships/pm-yashasvi-scholarship","scholarship detail","98.2","Clear owner","1","","Improve the existing owner: refresh current-cycle facts, title/meta, answer-first copy, and relevant internal links."
"106","reliance foundation undergraduate scholarships","entity lookup","19","4083","0.47","8.18","259","https://www.indiascholarships.in/scholarships/reliance-foundation-undergraduate-scholarship","scholarship detail","93.9","Clear owner","1","","Improve the existing owner: refresh current-cycle facts, title/meta, answer-first copy, and relevant internal links."
"107","yasasvi scholarship","entity lookup","219","5912","3.70","4.73","251","https://www.indiascholarships.in/scholarships/pm-yashasvi-scholarship","scholarship detail","98.6","Clear owner","1","","Improve the existing owner: refresh current-cycle facts, title/meta, answer-first copy, and relevant internal links."
"108","chief minister relief fund scholarship","entity lookup","31","3471","0.89","4.75","244","https://www.indiascholarships.in/scholarships/nabanna-scholarship-west-bengal","scholarship detail","83.3","Clear owner","1","","Improve the existing owner: refresh current-cycle facts, title/meta, answer-first copy, and relevant internal links."
"109","scholarship.gov.in 2026","entity lookup","44","3955","1.11","7.84","234","https://www.indiascholarships.in/scholarships/pm-yashasvi-scholarship","scholarship detail","100.3","Clear owner","1","","Improve the existing owner: refresh current-cycle facts, title/meta, answer-first copy, and relevant internal links."
"110","needs of public jindal","entity lookup","27","3691","0.73","7.59","234","https://www.indiascholarships.in/scholarships/sitaram-jindal-foundation-scholarship","scholarship detail","100.0","Clear owner","1","","Improve the existing owner: refresh current-cycle facts, title/meta, answer-first copy, and relevant internal links."
"111","talliki vandanam status 2026","status/troubleshooting","49","4254","1.15","9.04","232","https://www.indiascholarships.in/scholarships/talliki-vandanam-scheme-ap","scholarship detail","93.1","Clear owner","1","","Create/upgrade a status-check or troubleshooting owner page and link it prominently from the current ranking page."
"112","lic golden jubilee scholarship 2026","entity lookup","409","8159","5.01","4.06","232","https://www.indiascholarships.in/scholarships/lic-golden-jubilee-scholarship","scholarship detail","94.1","Clear owner","1","","Improve the existing owner: refresh current-cycle facts, title/meta, answer-first copy, and relevant internal links."
"113","ebc","entity lookup","13","3437","0.38","2.49","229","https://www.indiascholarships.in/scholarships-for/ebc","other","88.9","Clear owner","1","","Improve the existing owner: refresh current-cycle facts, title/meta, answer-first copy, and relevant internal links."
"114","kanyashree prakalpa","entity lookup","17","3476","0.49","7.93","223","https://www.indiascholarships.in/scholarships/kanyashree-prakalpa-scheme-west-bengal/apply-online","scholarship subpage","80.1","Clear owner","1","","Improve the existing owner: refresh current-cycle facts, title/meta, answer-first copy, and relevant internal links."
"115","sitaram jindal","entity lookup","21","3311","0.63","6.89","221","https://www.indiascholarships.in/scholarships/sitaram-jindal-foundation-scholarship","scholarship detail","100.1","Clear owner","1","","Improve the existing owner: refresh current-cycle facts, title/meta, answer-first copy, and relevant internal links."
"116","reliance scholarship 2026","entity lookup","44","3485","1.26","6.23","220","https://www.indiascholarships.in/scholarships/reliance-foundation-undergraduate-scholarship","scholarship detail","74.7","Split / unclear","1","","Consolidate: choose one primary owner, strengthen internal links, and differentiate or canonicalise competing pages."
"117","oasis scholarship last date 2026","deadline/renewal","44","3421","1.29","3.99","218","https://www.indiascholarships.in/scholarships/oasis-post-matric-scholarship-for-st-students-west-bengal/last-date","scholarship subpage","83.5","Split / unclear","3","/scholarships/oasis-post-matric-scholarship-for-obc-students-west-bengal (1451) | /scholarships/oasis-post-matric-scholarship-for-st-students-west-bengal (775)","Consolidate: choose one primary owner, strengthen internal links, and differentiate or canonicalise competing pages."
"118","scholarship for 12th passed students by government","entity lookup","76","4430","1.72","9.49","216","https://www.indiascholarships.in/scholarships/pm-yashasvi-scholarship","scholarship detail","90.3","Clear owner","1","","Improve the existing owner: refresh current-cycle facts, title/meta, answer-first copy, and relevant internal links."
"119","post matric scholarship gujarat","entity lookup","52","3450","1.51","5.86","214","https://www.indiascholarships.in/scholarships/gujarat-post-matric-scholarship-for-obc","scholarship detail","65.0","Split / unclear","3","/scholarships/gujarat-post-matric-scholarship-for-scst/apply-online (958) | /scholarships/gujarat-post-matric-scholarship-for-scst (553)","Consolidate: choose one primary owner, strengthen internal links, and differentiate or canonicalise competing pages."
"120","amma vodi date 2026","deadline/renewal","17","3129","0.54","6.75","213","https://www.indiascholarships.in/ta/scholarships/talliki-vandanam-scheme-ap/last-date","other","78.3","Split / unclear","2","/scholarships/talliki-vandanam-scheme-ap/last-date (681)","Consolidate: choose one primary owner, strengthen internal links, and differentiate or canonicalise competing pages."
"121","hdfc bank scholarship","documents/eligibility","32","3488","0.92","8.15","208","https://www.indiascholarships.in/scholarships/hdfc-bank-parivartan-ecss-scholarship","scholarship detail","93.6","Clear owner","1","","Strengthen the dedicated eligibility/documents subpage and use the detail page as the cluster hub."
"122","vidyasaarathi","entity lookup","15","2732","0.55","5.29","201","https://www.indiascholarships.in/scholarships/vidyasaarathi-scholarship-csr-programs/last-date","scholarship subpage","43.1","Split / unclear","4","/scholarships/vidyasaarathi-scholarship-csr-programs/selection-process (670) | /scholarships/vidyasaarathi-scholarship-csr-programs (358) | /scholarships/vidyasaarathi-scholarship-csr-programs/apply-online (263)","Consolidate: choose one primary owner, strengthen internal links, and differentiate or canonicalise competing pages."
"123","kotak kanya scholarship","entity lookup","24","3078","0.78","7.19","198","https://www.indiascholarships.in/scholarships/kotak-kanya-scholarship","scholarship detail","77.7","Split / unclear","2","/scholarships/kotak-kanya-scholarship/apply-online (550)","Consolidate: choose one primary owner, strengthen internal links, and differentiate or canonicalise competing pages."
"124","jindal scholarship 2026 last date","deadline/renewal","289","6262","4.62","3.66","198","https://www.indiascholarships.in/scholarships/sitaram-jindal-foundation-scholarship","scholarship detail","100.0","Clear owner","1","","Strengthen the dedicated last-date or renewal subpage, with verified current-cycle dates and a clear link from the detail page."
"125","obc","entity lookup","31","3043","1.02","3.19","193","https://www.indiascholarships.in/scholarships/pm-yashasvi-scholarship","scholarship detail","8.5","Split / unclear","6","/scholarships-for/obc (239) | /scholarships/gujarat-post-matric-scholarship-for-obc (234) | /scholarships/post-matric-scholarship-for-obc-students-karnataka (171)","Consolidate: choose one primary owner, strengthen internal links, and differentiate or canonicalise competing pages."
"126","oasis scholarship status check","status/troubleshooting","58","3256","1.78","3.66","189","https://www.indiascholarships.in/scholarships/oasis-post-matric-scholarship-for-obc-students-west-bengal","scholarship detail","82.0","Clear owner","1","","Create/upgrade a status-check or troubleshooting owner page and link it prominently from the current ranking page."
"127","nirman shramik kalyan yojana scholarship last date 2026","deadline/renewal","14","2966","0.47","8.10","189","https://www.indiascholarships.in/scholarships/boc-scholarship-nirman-shramik-kalyan-yojana-odisha","scholarship detail","63.1","Split / unclear","2","/scholarships/boc-scholarship-nirman-shramik-kalyan-yojana-odisha/last-date (1205)","Consolidate: choose one primary owner, strengthen internal links, and differentiate or canonicalise competing pages."
"128","scholarships","entity lookup","40","3007","1.33","6.44","186","https://www.indiascholarships.in/scholarships","other","77.8","Clear owner","1","","Improve the existing owner: refresh current-cycle facts, title/meta, answer-first copy, and relevant internal links."
"129","vidyasiri scholarship","entity lookup","29","3220","0.90","8.88","184","https://www.indiascholarships.in/scholarships/vidyasiri-food-and-accommodation-scholarship-for-obc-students-karnataka","scholarship detail","98.3","Clear owner","1","","Improve the existing owner: refresh current-cycle facts, title/meta, answer-first copy, and relevant internal links."
"130","faeaindia.org scholarship","entity lookup","11","2478","0.44","5.33","184","https://www.indiascholarships.in/scholarships/faea-scholarship-for-undergraduate-studies","scholarship detail","93.4","Clear owner","1","","Improve the existing owner: refresh current-cycle facts, title/meta, answer-first copy, and relevant internal links."
"131","sitaram jindal scholarship online application","apply/login","54","3084","1.75","5.98","183","https://www.indiascholarships.in/scholarships/sitaram-jindal-foundation-scholarship","scholarship detail","99.9","Clear owner","1","","Create/upgrade an apply or login guide; retain the scholarship detail page for entity lookup intent."
"132","reliance foundation scholarship 2026 last date to apply","apply/login","50","2937","1.70","4.79","183","https://www.indiascholarships.in/scholarships/reliance-foundation-undergraduate-scholarship","scholarship detail","97.2","Clear owner","1","","Create/upgrade an apply or login guide; retain the scholarship detail page for entity lookup intent."
"133","nmms karnataka","entity lookup","38","3012","1.26","7.00","183","https://www.indiascholarships.in/scholarships/nmms-scholarship-karnataka","scholarship detail","83.1","Clear owner","1","","Improve the existing owner: refresh current-cycle facts, title/meta, answer-first copy, and relevant internal links."
"134","medhavi scholarship portal","entity lookup","25","2598","0.96","5.07","182","https://www.indiascholarships.in/scholarships/mukhyamantri-medhavi-vidyarthi-yojana-mmvy","scholarship detail","99.9","Clear owner","1","","Improve the existing owner: refresh current-cycle facts, title/meta, answer-first copy, and relevant internal links."
"135","vidyasiri scholarship apply online 2026","apply/login","43","3150","1.37","7.69","181","https://www.indiascholarships.in/scholarships/vidyasiri-food-and-accommodation-scholarship-for-obc-students-karnataka","scholarship detail","64.8","Split / unclear","3","/hi/scholarships/vidyasiri-food-and-accommodation-scholarship-for-obc-students-karnataka/apply-online (716) | /scholarships/vidyasiri-food-and-accommodation-scholarship-for-obc-students-karnataka/apply-online (539)","Consolidate: choose one primary owner, strengthen internal links, and differentiate or canonicalise competing pages."
"136","aikyashree portal","entity lookup","89","3423","2.60","5.87","177","https://www.indiascholarships.in/scholarships/aikyashree-scholarship-west-bengal-minority","scholarship detail","40.7","Split / unclear","3","/scholarships/aikyashree-post-matric-scholarship-for-minorities-west-bengal (792) | /scholarships/aikyashree-merit-cum-means-scholarship-for-minorities-west-bengal/apply-online (771)","Consolidate: choose one primary owner, strengthen internal links, and differentiate or canonicalise competing pages."
"137","lic scholarship 2026","entity lookup","351","6713","5.23","4.00","177","https://www.indiascholarships.in/scholarships/lic-golden-jubilee-scholarship","scholarship detail","97.2","Clear owner","1","","Improve the existing owner: refresh current-cycle facts, title/meta, answer-first copy, and relevant internal links."
"138","bharti airtel scholarship 2026 last date","deadline/renewal","15","2594","0.58","6.67","176","https://www.indiascholarships.in/scholarships/bharti-airtel-scholarship-program/last-date","scholarship subpage","59.1","Split / unclear","2","/scholarships/bharti-airtel-scholarship-program (981)","Consolidate: choose one primary owner, strengthen internal links, and differentiate or canonicalise competing pages."
"139","osis portal","entity lookup","23","2672","0.86","3.43","176","https://www.indiascholarships.in/scholarships/oasis-post-matric-scholarship-for-st-students-west-bengal/apply-online","scholarship subpage","76.6","Split / unclear","2","/scholarships/oasis-post-matric-scholarship-for-st-students-west-bengal (422)","Consolidate: choose one primary owner, strengthen internal links, and differentiate or canonicalise competing pages."
"140","post matric scholarship mp","entity lookup","23","2750","0.84","7.18","176","https://www.indiascholarships.in/scholarships/mp-taas-post-matric-scholarship-scstobc","scholarship detail","98.3","Clear owner","1","","Improve the existing owner: refresh current-cycle facts, title/meta, answer-first copy, and relevant internal links."
"141","odisha post matric scholarship","entity lookup","49","2881","1.70","4.14","174","https://www.indiascholarships.in/scholarships/post-matric-scholarship-for-st-students-odisha","scholarship detail","37.3","Split / unclear","3","/scholarships/post-matric-scholarship-for-obcsebc-students-odisha (844) | /scholarships/post-matric-scholarship-for-sc-students-odisha (443)","Consolidate: choose one primary owner, strengthen internal links, and differentiate or canonicalise competing pages."
"142","nsp scholarship","entity lookup","49","2928","1.67","6.27","174","https://www.indiascholarships.in/guides/nsp","portal guide","69.9","Split / unclear","2","/scholarships/pm-yashasvi-scholarship (711)","Consolidate: choose one primary owner, strengthen internal links, and differentiate or canonicalise competing pages."
"143","nmms full form","entity lookup","16","2484","0.64","6.21","172","https://www.indiascholarships.in/scholarships/national-means-cum-merit-scholarship","scholarship detail","98.5","Clear owner","1","","Improve the existing owner: refresh current-cycle facts, title/meta, answer-first copy, and relevant internal links."
"144","hdfc bank scholarship 2026","documents/eligibility","69","3027","2.28","5.47","169","https://www.indiascholarships.in/scholarships/hdfc-bank-parivartan-ecss-scholarship","scholarship detail","100.0","Clear owner","1","","Strengthen the dedicated eligibility/documents subpage and use the detail page as the cluster hub."
"145","e grantz scholarship 2026 last date","deadline/renewal","90","3334","2.70","3.83","166","https://www.indiascholarships.in/scholarships/e-grantz-kerala-scstoecobc-support","scholarship detail","71.7","Split / unclear","2","/scholarships/e-grantz-kerala-scstoecobc-support/last-date (1196)","Consolidate: choose one primary owner, strengthen internal links, and differentiate or canonicalise competing pages."
"146","pms odisha","entity lookup","15","2302","0.65","4.66","166","https://www.indiascholarships.in/scholarships/post-matric-scholarship-for-obcsebc-students-odisha","scholarship detail","97.8","Clear owner","1","","Improve the existing owner: refresh current-cycle facts, title/meta, answer-first copy, and relevant internal links."
"147","jindal scholarship last date","deadline/renewal","18","2498","0.72","6.89","165","https://www.indiascholarships.in/scholarships/sitaram-jindal-foundation-scholarship","scholarship detail","98.8","Clear owner","1","","Strengthen the dedicated last-date or renewal subpage, with verified current-cycle dates and a clear link from the detail page."
"148","tata scholarship 2026 last date","deadline/renewal","55","2832","1.94","4.08","164","https://www.indiascholarships.in/scholarships/tata-capital-pankh-scholarship","scholarship detail","98.1","Clear owner","1","","Strengthen the dedicated last-date or renewal subpage, with verified current-cycle dates and a clear link from the detail page."
"149","swami vivekananda scholarship 2026 last date","deadline/renewal","36","2822","1.28","2.14","163","https://www.indiascholarships.in/scholarships/swami-vivekananda-merit-cum-means-scholarship-svmcm/last-date","scholarship subpage","72.2","Split / unclear","2","/scholarships/swami-vivekananda-merit-cum-means-scholarship-svmcm (608)","Consolidate: choose one primary owner, strengthen internal links, and differentiate or canonicalise competing pages."
"150","sbi scholarship 2026","entity lookup","19","2611","0.73","7.91","162","https://www.indiascholarships.in/scholarships/sbi-platinum-jubilee-asha-scholarship/eligibility","scholarship subpage","56.3","Split / unclear","3","/scholarships/sbi-platinum-jubilee-asha-scholarship (510) | /kn/scholarships/sbi-platinum-jubilee-asha-scholarship/income-limit (361)","Consolidate: choose one primary owner, strengthen internal links, and differentiate or canonicalise competing pages."
"151","talliki vandanam scheme release date 2026","deadline/renewal","23","2669","0.86","8.38","158","https://www.indiascholarships.in/scholarships/talliki-vandanam-scheme-ap/last-date","scholarship subpage","79.4","Split / unclear","2","/scholarships/talliki-vandanam-scheme-ap/apply-online (531)","Consolidate: choose one primary owner, strengthen internal links, and differentiate or canonicalise competing pages."
"152","aikyashree scholarship 2026 last date","deadline/renewal","168","4026","4.17","5.02","154","https://www.indiascholarships.in/scholarships/aikyashree-scholarship-west-bengal-minority/last-date","scholarship subpage","42.8","Split / unclear","5","/scholarships-in/west-bengal/last-date (1289) | /or/scholarships/aikyashree-post-matric-scholarship-for-minorities-west-bengal/last-date (671) | /scholarships/aikyashree-post-matric-scholarship-for-minorities-west-bengal (494)","Consolidate: choose one primary owner, strengthen internal links, and differentiate or canonicalise competing pages."
"153","karnataka government scholarships for obc students","entity lookup","78","2987","2.61","5.91","154","https://www.indiascholarships.in/scholarships/post-matric-scholarship-for-obc-students-karnataka","scholarship detail","73.4","Split / unclear","2","/scholarships/vidyasiri-food-and-accommodation-scholarship-for-obc-students-karnataka (886)","Consolidate: choose one primary owner, strengthen internal links, and differentiate or canonicalise competing pages."
"154","reliance scholarship","entity lookup","12","2358","0.51","7.68","153","https://www.indiascholarships.in/scholarships/reliance-foundation-undergraduate-scholarship","scholarship detail","97.7","Clear owner","1","","Improve the existing owner: refresh current-cycle facts, title/meta, answer-first copy, and relevant internal links."
"155","nmms scholarship","entity lookup","46","2739","1.68","7.41","152","https://www.indiascholarships.in/scholarships/national-means-cum-merit-scholarship","scholarship detail","83.4","Clear owner","1","","Improve the existing owner: refresh current-cycle facts, title/meta, answer-first copy, and relevant internal links."
"156","needs of public jindal 2026","entity lookup","46","2581","1.78","6.07","152","https://www.indiascholarships.in/scholarships/sitaram-jindal-foundation-scholarship","scholarship detail","100.1","Clear owner","1","","Improve the existing owner: refresh current-cycle facts, title/meta, answer-first copy, and relevant internal links."
"157","cmrf wb gov in","entity lookup","11","2077","0.53","4.45","151","https://www.indiascholarships.in/scholarships/nabanna-scholarship-west-bengal","scholarship detail","93.5","Clear owner","1","","Improve the existing owner: refresh current-cycle facts, title/meta, answer-first copy, and relevant internal links."
"158","atul maheshwari scholarship","entity lookup","265","5253","5.04","4.34","150","https://www.indiascholarships.in/scholarships/atul-maheshwari-scholarship","scholarship detail","92.0","Clear owner","1","","Improve the existing owner: refresh current-cycle facts, title/meta, answer-first copy, and relevant internal links."
"159","azim premji scholarship apply online 2026","apply/login","58","2758","2.10","6.60","150","https://www.indiascholarships.in/scholarships/azim-premji-scholarship/apply-online","scholarship subpage","71.0","Split / unclear","2","/scholarships/azim-premji-scholarship/selection-process (428)","Consolidate: choose one primary owner, strengthen internal links, and differentiate or canonicalise competing pages."
"160","wbmdfcscholarship","entity lookup","31","2453","1.26","7.11","148","https://www.indiascholarships.in/scholarships/aikyashree-merit-cum-means-scholarship-for-minorities-west-bengal","scholarship detail","92.5","Clear owner","1","","Improve the existing owner: refresh current-cycle facts, title/meta, answer-first copy, and relevant internal links."
"161","mukhyamantri kanya utthan yojana 50000","entity lookup","81","3118","2.60","7.45","148","https://www.indiascholarships.in/scholarships/mukhyamantri-kanya-utthan-yojana-graduation","scholarship detail","100.1","Clear owner","1","","Improve the existing owner: refresh current-cycle facts, title/meta, answer-first copy, and relevant internal links."
"162","kotak kanya scholarship 2026 last date","deadline/renewal","12","2114","0.57","6.24","147","https://www.indiascholarships.in/scholarships/kotak-kanya-scholarship/last-date","scholarship subpage","54.6","Split / unclear","3","/scholarships/kotak-kanya-scholarship (846) | /hi/scholarships/kotak-kanya-scholarship/last-date (771)","Consolidate: choose one primary owner, strengthen internal links, and differentiate or canonicalise competing pages."
"163","post matric scholarship odisha amount","details/eligibility","23","2165","1.06","4.49","146","https://www.indiascholarships.in/scholarships/post-matric-scholarship-for-obcsebc-students-odisha","scholarship detail","47.4","Split / unclear","4","/scholarships/post-matric-scholarship-for-sc-students-odisha (937) | /scholarships/post-matric-scholarship-for-st-students-odisha (608) | /scholarships-in/odisha (357)","Consolidate: choose one primary owner, strengthen internal links, and differentiate or canonicalise competing pages."
"164","mukhyamantri vidyarthi pratibha yojana","entity lookup","22","2157","1.02","5.87","144","https://www.indiascholarships.in/scholarships/mukhyamantri-vidyarthi-pratibha-yojna","scholarship detail","98.1","Clear owner","1","","Improve the existing owner: refresh current-cycle facts, title/meta, answer-first copy, and relevant internal links."
"165","scholarship for college students in tamilnadu","entity lookup","68","2992","2.27","8.23","144","https://www.indiascholarships.in/scholarships/tamil-nadu-post-matric-scholarship-for-scst","scholarship detail","66.7","Split / unclear","2","/scholarships-in/tamil-nadu (1021)","Consolidate: choose one primary owner, strengthen internal links, and differentiate or canonicalise competing pages."
"166","scholarship form last date 2026","deadline/renewal","17","2333","0.73","8.08","144","https://www.indiascholarships.in/scholarships/pm-yashasvi-scholarship","scholarship detail","81.5","Clear owner","1","","Strengthen the dedicated last-date or renewal subpage, with verified current-cycle dates and a clear link from the detail page."
"167","talliki vandanam eligibility check","details/eligibility","44","2571","1.71","7.37","143","https://www.indiascholarships.in/te/scholarships/talliki-vandanam-scheme-ap/apply-online","other","32.4","Split / unclear","5","/or/scholarships/talliki-vandanam-scheme-ap/apply-online (568) | /scholarships/talliki-vandanam-scheme-ap/eligibility (509) | /scholarships/talliki-vandanam-scheme-ap/apply-online (362)","Consolidate: choose one primary owner, strengthen internal links, and differentiate or canonicalise competing pages."
"168","reliance foundation undergraduate scholarship","entity lookup","14","2248","0.62","7.84","142","https://www.indiascholarships.in/scholarships/reliance-foundation-undergraduate-scholarship","scholarship detail","89.1","Clear owner","1","","Improve the existing owner: refresh current-cycle facts, title/meta, answer-first copy, and relevant internal links."
"169","pm scholarship 2026","entity lookup","23","2503","0.92","9.13","141","https://www.indiascholarships.in/scholarships/pm-yashasvi-scholarship","scholarship detail","68.0","Split / unclear","1","","Consolidate: choose one primary owner, strengthen internal links, and differentiate or canonicalise competing pages."
"170","indian foundation scholarship 2026","entity lookup","86","2833","3.04","4.85","140","https://indiascholarships.in/","other","64.0","Split / unclear","3","/ (757) | /private-scholarships (387)","Consolidate: choose one primary owner, strengthen internal links, and differentiate or canonicalise competing pages."
"171","e-kalyan jharkhand","entity lookup","20","2126","0.94","3.59","139","https://www.indiascholarships.in/scholarships/jharkhand-e-kalyan-post-matric-scholarship","scholarship detail","86.4","Clear owner","1","","Improve the existing owner: refresh current-cycle facts, title/meta, answer-first copy, and relevant internal links."
"172","scholarship for 10th passed students by government","entity lookup","71","3003","2.36","8.57","139","https://www.indiascholarships.in/scholarships/pm-yashasvi-scholarship","scholarship detail","68.6","Split / unclear","2","/government-scholarships (999)","Consolidate: choose one primary owner, strengthen internal links, and differentiate or canonicalise competing pages."
"173","oasis scholarship amount","details/eligibility","11","1914","0.57","5.64","138","https://www.indiascholarships.in/scholarships/oasis-pre-matric-scholarship-for-sc-students-west-bengal","scholarship detail","45.0","Split / unclear","4","/scholarships/oasis-post-matric-scholarship-for-obc-students-west-bengal (632) | /scholarships/oasis-post-matric-scholarship-for-st-students-west-bengal (191) | /scholarships/oasis-post-matric-scholarship-for-sc-students-west-bengal (174)","Consolidate: choose one primary owner, strengthen internal links, and differentiate or canonicalise competing pages."
"174","swami vivekananda scholarship","entity lookup","25","2061","1.21","5.40","137","https://www.indiascholarships.in/scholarships/swami-vivekananda-merit-cum-means-scholarship-svmcm","scholarship detail","43.2","Split / unclear","3","/scholarships/pm-yashasvi-scholarship (399) | /scholarships/swami-vivekananda-merit-cum-means-scholarship-svmcm/last-date (188)","Consolidate: choose one primary owner, strengthen internal links, and differentiate or canonicalise competing pages."
"175","e kalyan last date 2026","deadline/renewal","117","3207","3.65","5.42","137","https://www.indiascholarships.in/scholarships/jharkhand-e-kalyan-post-matric-scholarship","scholarship detail","67.6","Split / unclear","2","/scholarships/jharkhand-e-kalyan-post-matric-scholarship/last-date (1028)","Consolidate: choose one primary owner, strengthen internal links, and differentiate or canonicalise competing pages."
"176","jindal scholarship login","apply/login","12","1981","0.61","6.66","134","https://www.indiascholarships.in/scholarships/sitaram-jindal-foundation-scholarship","scholarship detail","99.9","Clear owner","1","","Create/upgrade an apply or login guide; retain the scholarship detail page for entity lookup intent."
"177","sikshashree scholarship","entity lookup","43","2291","1.88","3.98","133","https://www.indiascholarships.in/scholarships/sikshashree-scholarship-scheme-west-bengal","scholarship detail","32.3","Split / unclear","4","/scholarships/sikshashree-scholarship-scheme-west-bengal/selection-process (685) | /te/scholarships/sikshashree-scholarship-scheme-west-bengal (547) | /scholarships/sikshashree-scholarship-scheme-west-bengal/apply-online (229)","Consolidate: choose one primary owner, strengthen internal links, and differentiate or canonicalise competing pages."
"178","2026 scholarship","entity lookup","67","2597","2.58","3.54","131","https://www.indiascholarships.in/scholarships","other","70.8","Split / unclear","3","/scholarships/pm-yashasvi-scholarship (685) | /government-scholarships (380)","Consolidate: choose one primary owner, strengthen internal links, and differentiate or canonicalise competing pages."
"179","kanyashree k2","entity lookup","119","3144","3.78","5.70","128","https://www.indiascholarships.in/scholarships/kanyashree-prakalpa-scheme-west-bengal/apply-online","scholarship subpage","34.1","Split / unclear","5","/scholarships/kanyashree-prakalpa-scheme-west-bengal/selection-process (845) | /scholarships/kanyashree-prakalpa-scheme-west-bengal/documents-required (560) | /scholarships/kanyashree-prakalpa-scheme-west-bengal/last-date (529)","Consolidate: choose one primary owner, strengthen internal links, and differentiate or canonicalise competing pages."
"180","e grantz scholarship amount","details/eligibility","11","1840","0.60","6.38","127","https://www.indiascholarships.in/scholarships/e-grantz-kerala-scstoecobc-support","scholarship detail","97.3","Clear owner","1","","Improve the existing owner: refresh current-cycle facts, title/meta, answer-first copy, and relevant internal links."
"181","ha","entity lookup","26","2074","1.25","3.06","126","https://www.indiascholarships.in/scholarships/pm-yashasvi-scholarship","scholarship detail","15.8","Split / unclear","2","/scholarships/rajasthan-post-matric-scholarship-scst (72)","Consolidate: choose one primary owner, strengthen internal links, and differentiate or canonicalise competing pages."
"182","hdfc parivartan scholarship 2026-27","entity lookup","188","4019","4.68","3.83","126","https://www.indiascholarships.in/scholarships/hdfc-bank-parivartan-ecss-scholarship","scholarship detail","98.7","Clear owner","1","","Improve the existing owner: refresh current-cycle facts, title/meta, answer-first copy, and relevant internal links."
"183","e medhabruti scholarship","entity lookup","54","2350","2.30","3.73","126","https://www.indiascholarships.in/scholarships/e-medhabruti-ug-merit-scholarship-odisha","scholarship detail","91.8","Clear owner","1","","Improve the existing owner: refresh current-cycle facts, title/meta, answer-first copy, and relevant internal links."
"184","punjab scholarship portal","entity lookup","55","2283","2.41","5.51","124","https://www.indiascholarships.in/scholarships/punjab-post-matric-scholarship-for-scbc-students","scholarship detail","57.4","Split / unclear","2","/scholarships-in/punjab/apply-online (771)","Consolidate: choose one primary owner, strengthen internal links, and differentiate or canonicalise competing pages."
"185","post matric scholarship last date","deadline/renewal","17","2001","0.85","7.63","124","https://www.indiascholarships.in/scholarships/post-matric-scholarship-for-obcsebc-students-odisha","scholarship detail","38.3","Split / unclear","2","/scholarships/post-matric-scholarship-for-st-students-odisha (156)","Consolidate: choose one primary owner, strengthen internal links, and differentiate or canonicalise competing pages."
"186","mmvy scholarship portal","entity lookup","19","1856","1.02","4.05","123","https://www.indiascholarships.in/scholarships/mukhyamantri-medhavi-vidyarthi-yojana-mmvy","scholarship detail","99.9","Clear owner","1","","Improve the existing owner: refresh current-cycle facts, title/meta, answer-first copy, and relevant internal links."
"187","jindal scholarship apply online","apply/login","73","2466","2.96","4.80","123","https://www.indiascholarships.in/scholarships/sitaram-jindal-foundation-scholarship","scholarship detail","99.7","Clear owner","1","","Create/upgrade an apply or login guide; retain the scholarship detail page for entity lookup intent."
"188","tata trust scholarship","entity lookup","119","3026","3.93","5.03","123","https://www.indiascholarships.in/scholarships/tata-trusts-medical-and-healthcare-scholarship","scholarship detail","58.4","Split / unclear","2","/scholarships/tata-trusts-education-grants (1502)","Consolidate: choose one primary owner, strengthen internal links, and differentiate or canonicalise competing pages."
"189","scholarship punjab","entity lookup","64","2401","2.67","5.81","123","https://www.indiascholarships.in/scholarships/punjab-post-matric-scholarship-for-scbc-students","scholarship detail","67.1","Split / unclear","2","/scholarships/punjab-post-matric-scholarship-for-sc-students (594)","Consolidate: choose one primary owner, strengthen internal links, and differentiate or canonicalise competing pages."
"190","jindal scholarship apply online 2026","apply/login","292","5314","5.49","3.35","122","https://www.indiascholarships.in/scholarships/sitaram-jindal-foundation-scholarship","scholarship detail","100.0","Clear owner","1","","Create/upgrade an apply or login guide; retain the scholarship detail page for entity lookup intent."
"191","sitaram jindal scholarship official website","entity lookup","103","2824","3.65","4.86","122","https://www.indiascholarships.in/scholarships/sitaram-jindal-foundation-scholarship","scholarship detail","99.4","Clear owner","1","","Improve the existing owner: refresh current-cycle facts, title/meta, answer-first copy, and relevant internal links."
"192","scholarship portal odisha","entity lookup","12","1821","0.66","6.82","122","https://www.indiascholarships.in/scholarships-in/odisha","state hub","57.3","Split / unclear","3","/scholarships/post-matric-scholarship-for-sc-students-odisha/apply-online (419) | /scholarships/post-matric-scholarship-for-obcsebc-students-odisha (334)","Consolidate: choose one primary owner, strengthen internal links, and differentiate or canonicalise competing pages."
"193","kanya utthan yojana 2025","entity lookup","88","2748","3.20","6.62","121","https://www.indiascholarships.in/scholarships/mukhyamantri-kanya-utthan-yojana-graduation","scholarship detail","100.1","Clear owner","1","","Improve the existing owner: refresh current-cycle facts, title/meta, answer-first copy, and relevant internal links."
"194","kanya utthan yojana graduation","entity lookup","150","3415","4.39","5.47","120","https://www.indiascholarships.in/scholarships/mukhyamantri-kanya-utthan-yojana-graduation","scholarship detail","100.0","Clear owner","1","","Improve the existing owner: refresh current-cycle facts, title/meta, answer-first copy, and relevant internal links."
"195","post matric scholarship status check odisha","status/troubleshooting","56","2234","2.51","4.61","120","https://www.indiascholarships.in/scholarships/post-matric-scholarship-for-obcsebc-students-odisha","scholarship detail","64.5","Split / unclear","1","","Consolidate: choose one primary owner, strengthen internal links, and differentiate or canonicalise competing pages."
"196","vivekananda merit scholarship","entity lookup","25","2142","1.17","8.56","120","https://www.indiascholarships.in/scholarships/swami-vivekananda-merit-cum-means-scholarship-svmcm","scholarship detail","95.3","Clear owner","1","","Improve the existing owner: refresh current-cycle facts, title/meta, answer-first copy, and relevant internal links."
"197","pre matric scholarship","entity lookup","59","2476","2.38","7.85","119","https://www.indiascholarships.in/scholarships/pre-matric-scholarship-for-obcsebc-students-odisha","scholarship detail","18.6","Split / unclear","7","/scholarships/pre-matric-scholarship-for-st-students-odisha (398) | /kn/scholarships/ssp-pre-matric-post-matric-scholarship-karnataka/apply-online (377) | /scholarships/pre-matric-st-students-karnataka (272)","Consolidate: choose one primary owner, strengthen internal links, and differentiate or canonicalise competing pages."
"198","india foundation scholarship","entity lookup","498","7876","6.32","2.86","118","https://indiascholarships.in/","other","74.9","Split / unclear","3","/private-scholarships (3118) | / (1920)","Consolidate: choose one primary owner, strengthen internal links, and differentiate or canonicalise competing pages."
"199","scholarship for jain students","entity lookup","26","2014","1.29","7.65","117","https://www.indiascholarships.in/scholarships-for/jain","other","90.2","Clear owner","1","","Improve the existing owner: refresh current-cycle facts, title/meta, answer-first copy, and relevant internal links."
"200","hdfc parivartan scholarship june 2026","entity lookup","71","2485","2.86","6.87","116","https://www.indiascholarships.in/scholarships/hdfc-bank-parivartan-ecss-scholarship","scholarship detail","100.0","Clear owner","1","","Improve the existing owner: refresh current-cycle facts, title/meta, answer-first copy, and relevant internal links."
"201","faea india scholarship","entity lookup","11","1604","0.69","4.70","116","https://www.indiascholarships.in/scholarships/faea-scholarship-for-undergraduate-studies","scholarship detail","100.1","Clear owner","1","","Improve the existing owner: refresh current-cycle facts, title/meta, answer-first copy, and relevant internal links."
"202","gaon ki beti yojana","entity lookup","27","1969","1.37","7.43","115","https://www.indiascholarships.in/scholarships/mp-gaon-ki-beti-yojana","scholarship detail","72.5","Split / unclear","2","/hi/scholarships/mp-gaon-ki-beti-yojana (467)","Consolidate: choose one primary owner, strengthen internal links, and differentiate or canonicalise competing pages."
"203","post matric scholarship maharashtra","entity lookup","20","1931","1.04","7.96","115","https://www.indiascholarships.in/scholarships/maharashtra-goi-post-matric-scholarship-for-sc","scholarship detail","33.0","Split / unclear","5","/scholarships/maharashtra-ebc-postmatric (450) | /scholarships/mahadbt-post-matric-scholarship-maharashtra/apply-online (283) | /scholarships/mahadbt-post-matric-scholarship-maharashtra (212)","Consolidate: choose one primary owner, strengthen internal links, and differentiate or canonicalise competing pages."
"204","infosys foundation scholarship","entity lookup","42","1958","2.15","4.89","114","https://www.indiascholarships.in/scholarships/infosys-foundation-stem-stars-scholarship-program","scholarship detail","98.2","Clear owner","1","","Improve the existing owner: refresh current-cycle facts, title/meta, answer-first copy, and relevant internal links."
"205","sita ram jindal scholarship","entity lookup","137","3136","4.37","4.87","113","https://www.indiascholarships.in/scholarships/sitaram-jindal-foundation-scholarship","scholarship detail","99.9","Clear owner","1","","Improve the existing owner: refresh current-cycle facts, title/meta, answer-first copy, and relevant internal links."
"206","hdfc scholarship 2026 apply online","apply/login","41","2096","1.96","7.32","112","https://www.indiascholarships.in/scholarships/hdfc-bank-parivartan-ecss-scholarship","scholarship detail","100.0","Clear owner","1","","Create/upgrade an apply or login guide; retain the scholarship detail page for entity lookup intent."
"207","needs of public jindal scholarship","entity lookup","16","1652","0.97","5.99","110","https://www.indiascholarships.in/scholarships/sitaram-jindal-foundation-scholarship","scholarship detail","99.9","Clear owner","1","","Improve the existing owner: refresh current-cycle facts, title/meta, answer-first copy, and relevant internal links."
"208","cm scholarship","entity lookup","14","1877","0.75","8.88","110","https://www.indiascholarships.in/scholarships/nabanna-scholarship-west-bengal","scholarship detail","96.6","Clear owner","1","","Improve the existing owner: refresh current-cycle facts, title/meta, answer-first copy, and relevant internal links."
"209","vidyasaarathi scholarship 2026","entity lookup","13","1770","0.73","8.10","109","https://www.indiascholarships.in/scholarships/vidyasaarathi-scholarship-csr-programs","scholarship detail","57.9","Split / unclear","2","/scholarships/vidyasaarathi-scholarship-csr-programs/last-date (411)","Consolidate: choose one primary owner, strengthen internal links, and differentiate or canonicalise competing pages."
"210","ishan uday scholarship","entity lookup","15","1958","0.77","9.72","108","https://www.indiascholarships.in/scholarships/ishan-uday-special-scholarship-for-north-eastern-region/apply-online","scholarship subpage","35.8","Split / unclear","5","/ta/scholarships/ishan-uday-special-scholarship-for-north-eastern-region/selection-process (401) | /scholarships/ishan-uday-special-scholarship-for-north-eastern-region/eligibility (288) | /scholarships/ishan-uday-special-scholarship-for-north-eastern-region/last-date (279)","Consolidate: choose one primary owner, strengthen internal links, and differentiate or canonicalise competing pages."
"211","talliki vandanam 2026","entity lookup","36","1891","1.90","6.67","106","https://www.indiascholarships.in/scholarships/talliki-vandanam-scheme-ap/apply-online","scholarship subpage","53.8","Split / unclear","2","/scholarships/talliki-vandanam-scheme-ap/last-date (597)","Consolidate: choose one primary owner, strengthen internal links, and differentiate or canonicalise competing pages."
"212","rajarshi shahu maharaj scholarship","entity lookup","11","1781","0.62","9.14","104","https://www.indiascholarships.in/scholarships/maharashtra-rajarshi-shahu","scholarship detail","95.4","Clear owner","1","","Improve the existing owner: refresh current-cycle facts, title/meta, answer-first copy, and relevant internal links."
"213","ews scholarship","entity lookup","66","2216","2.98","6.49","103","https://www.indiascholarships.in/scholarships-for/general-ews","other","48.1","Split / unclear","2","/scholarships-for/sc-st-obc-general (947)","Consolidate: choose one primary owner, strengthen internal links, and differentiate or canonicalise competing pages."
"214","talliki vandanam status","status/troubleshooting","33","1806","1.83","6.55","103","https://www.indiascholarships.in/scholarships/talliki-vandanam-scheme-ap","scholarship detail","99.4","Clear owner","1","","Create/upgrade a status-check or troubleshooting owner page and link it prominently from the current ranking page."
"215","tata pankh scholarship","entity lookup","220","4144","5.31","3.34","102","https://www.indiascholarships.in/scholarships/tata-capital-pankh-scholarship","scholarship detail","99.5","Clear owner","1","","Improve the existing owner: refresh current-cycle facts, title/meta, answer-first copy, and relevant internal links."
"216","aikyashree scholarship status check","status/troubleshooting","23","1730","1.33","7.32","102","https://www.indiascholarships.in/scholarships/aikyashree-scholarship-west-bengal-minority","scholarship detail","94.7","Clear owner","1","","Create/upgrade a status-check or troubleshooting owner page and link it prominently from the current ranking page."
"217","tata scholarship apply online 2026","apply/login","161","3400","4.74","3.34","102","https://www.indiascholarships.in/scholarships/tata-capital-pankh-scholarship","scholarship detail","99.7","Clear owner","1","","Create/upgrade an apply or login guide; retain the scholarship detail page for entity lookup intent."
"218","post matric scholarship west bengal","entity lookup","80","2341","3.42","3.82","101","https://www.indiascholarships.in/scholarships/west-bengal-post-matric-scholarship-for-scstobc","scholarship detail","73.4","Split / unclear","1","","Consolidate: choose one primary owner, strengthen internal links, and differentiate or canonicalise competing pages."
"219","parivartan scholarship","entity lookup","21","1723","1.22","7.78","101","https://www.indiascholarships.in/scholarships/hdfc-bank-parivartan-ecss-scholarship","scholarship detail","98.5","Clear owner","1","","Improve the existing owner: refresh current-cycle facts, title/meta, answer-first copy, and relevant internal links."
"220","wbmdfc scholarship","entity lookup","36","1880","1.91","7.52","100","https://www.indiascholarships.in/scholarships/aikyashree-scholarship-west-bengal-minority","scholarship detail","72.4","Split / unclear","2","/scholarships/aikyashree-post-matric-scholarship-for-minorities-west-bengal (333)","Consolidate: choose one primary owner, strengthen internal links, and differentiate or canonicalise competing pages."
"221","hdfc parivartan scholarship apply online","apply/login","23","1755","1.31","8.00","100","https://www.indiascholarships.in/scholarships/hdfc-bank-parivartan-ecss-scholarship","scholarship detail","99.7","Clear owner","1","","Create/upgrade an apply or login guide; retain the scholarship detail page for entity lookup intent."
"222","azim premji scholarship status check","status/troubleshooting","12","1665","0.72","8.73","99","https://www.indiascholarships.in/scholarships/azim-premji-scholarship","scholarship detail","72.5","Split / unclear","2","/scholarships/azim-premji-scholarship/selection-process (269)","Consolidate: choose one primary owner, strengthen internal links, and differentiate or canonicalise competing pages."
"223","reliance foundation scholarship 2026","entity lookup","23","1615","1.42","6.47","98","https://www.indiascholarships.in/scholarships/reliance-foundation-undergraduate-scholarship","scholarship detail","78.8","Clear owner","1","","Improve the existing owner: refresh current-cycle facts, title/meta, answer-first copy, and relevant internal links."
"224","scholarship 2026 assam","entity lookup","19","1723","1.10","8.57","98","https://www.indiascholarships.in/scholarships-in/assam/apply-online","state hub","60.4","Split / unclear","2","/scholarships-in/assam (626)","Consolidate: choose one primary owner, strengthen internal links, and differentiate or canonicalise competing pages."
"225","scholarship last date 2026 telangana","deadline/renewal","13","1471","0.88","6.53","97","https://www.indiascholarships.in/scholarships-in/telangana/last-date","state hub","40.2","Split / unclear","4","/scholarships/telangana-postmatric-bc (322) | /scholarships/telangana-postmatric-sc (300) | /scholarships-in/telangana (279)","Consolidate: choose one primary owner, strengthen internal links, and differentiate or canonicalise competing pages."
"226","pm scholarship","entity lookup","15","1775","0.85","9.96","95","https://www.indiascholarships.in/scholarships/pm-yashasvi-scholarship","scholarship detail","94.5","Clear owner","1","","Improve the existing owner: refresh current-cycle facts, title/meta, answer-first copy, and relevant internal links."
"227","pm yasasvi scheme","entity lookup","83","2358","3.52","6.92","95","https://www.indiascholarships.in/scholarships/pm-yashasvi-scholarship","scholarship detail","99.9","Clear owner","1","","Improve the existing owner: refresh current-cycle facts, title/meta, answer-first copy, and relevant internal links."
"228","post matric scholarship telangana","entity lookup","14","1433","0.98","6.47","93","https://www.indiascholarships.in/scholarships/telangana-postmatric-bc","scholarship detail","83.0","Clear owner","1","","Improve the existing owner: refresh current-cycle facts, title/meta, answer-first copy, and relevant internal links."
"229","csss scholarship","entity lookup","12","1542","0.78","8.29","93","https://www.indiascholarships.in/te/scholarships/central-sector-scholarship-csss","other","67.1","Split / unclear","2","/scholarships/central-sector-scheme-of-scholarship-for-college-and-university-students (310)","Consolidate: choose one primary owner, strengthen internal links, and differentiate or canonicalise competing pages."
"230","yashasvi yojana","entity lookup","32","1712","1.87","7.36","93","https://www.indiascholarships.in/scholarships/pm-yashasvi-scholarship","scholarship detail","99.5","Clear owner","1","","Improve the existing owner: refresh current-cycle facts, title/meta, answer-first copy, and relevant internal links."
"231","parivartan ecss scholarship","entity lookup","13","1520","0.86","8.14","92","https://www.indiascholarships.in/scholarships/hdfc-bank-parivartan-ecss-scholarship","scholarship detail","95.0","Clear owner","1","","Improve the existing owner: refresh current-cycle facts, title/meta, answer-first copy, and relevant internal links."
"232","jindal foundation scholarship","entity lookup","81","2163","3.74","5.38","90","https://www.indiascholarships.in/scholarships/sitaram-jindal-foundation-scholarship","scholarship detail","98.3","Clear owner","1","","Improve the existing owner: refresh current-cycle facts, title/meta, answer-first copy, and relevant internal links."
"233","sssjkl","entity lookup","13","1364","0.95","6.22","90","https://www.indiascholarships.in/scholarships/prime-minister-special-scholarship-scheme-sssjkl","scholarship detail","42.9","Split / unclear","3","/ta/scholarships/prime-minister-special-scholarship-scheme-sssjkl/selection-process (583) | /kn/scholarships/prime-minister-special-scholarship-scheme-sssjkl/last-date (366)","Consolidate: choose one primary owner, strengthen internal links, and differentiate or canonicalise competing pages."
"234","odisha scholarship status check","status/troubleshooting","26","1490","1.74","6.06","88","https://www.indiascholarships.in/scholarships/post-matric-scholarship-for-obcsebc-students-odisha","scholarship detail","51.2","Split / unclear","3","/scholarships/pre-matric-scholarship-for-st-students-odisha (177) | /scholarships/post-matric-scholarship-for-st-students-odisha (170)","Consolidate: choose one primary owner, strengthen internal links, and differentiate or canonicalise competing pages."
"235","national means cum merit scholarship","entity lookup","13","1469","0.88","8.20","88","https://www.indiascholarships.in/scholarships/national-means-cum-merit-scholarship","scholarship detail","93.3","Clear owner","1","","Improve the existing owner: refresh current-cycle facts, title/meta, answer-first copy, and relevant internal links."
"236","wb cm scholarship","entity lookup","123","2704","4.55","3.74","87","https://www.indiascholarships.in/scholarships/nabanna-scholarship-west-bengal","scholarship detail","88.7","Clear owner","1","","Improve the existing owner: refresh current-cycle facts, title/meta, answer-first copy, and relevant internal links."
"237","gaon ki beti yojana 2026 last date","deadline/renewal","31","1521","2.04","5.76","87","https://www.indiascholarships.in/scholarships/mp-gaon-ki-beti-yojana","scholarship detail","59.6","Split / unclear","3","/ta/scholarships/mp-gaon-ki-beti-yojana/last-date (258) | /kn/scholarships/mp-gaon-ki-beti-yojana/last-date (185)","Consolidate: choose one primary owner, strengthen internal links, and differentiate or canonicalise competing pages."
"238","azim premji scholarship 2026 last date","deadline/renewal","11","1479","0.74","8.85","87","https://www.indiascholarships.in/scholarships/azim-premji-scholarship","scholarship detail","69.1","Split / unclear","2","/scholarships/azim-premji-scholarship/selection-process (341)","Consolidate: choose one primary owner, strengthen internal links, and differentiate or canonicalise competing pages."
"239","vidya deevena release date 2026","deadline/renewal","48","1714","2.80","4.41","86","https://www.indiascholarships.in/scholarships/jagananna-vidya-deevena-fees-reimbursement","scholarship detail","60.5","Split / unclear","4","/scholarships/jagananna-vidya-deevena-ap (380) | /scholarships/andhra-pradesh-jagananna-vidya-deevena (333) | /scholarships/jagananna-vidya-deevena-fees-reimbursement/last-date (294)","Consolidate: choose one primary owner, strengthen internal links, and differentiate or canonicalise competing pages."
"240","infosys scholarship","entity lookup","43","1684","2.55","6.14","86","https://www.indiascholarships.in/scholarships/infosys-foundation-stem-stars-scholarship-program","scholarship detail","98.6","Clear owner","1","","Improve the existing owner: refresh current-cycle facts, title/meta, answer-first copy, and relevant internal links."
"241","hdfc scholarship apply online 2026","apply/login","59","1899","3.11","6.44","86","https://www.indiascholarships.in/scholarships/hdfc-bank-parivartan-ecss-scholarship","scholarship detail","100.1","Clear owner","1","","Create/upgrade an apply or login guide; retain the scholarship detail page for entity lookup intent."
"242","sitaram jindal scholarship 2026 last date","deadline/renewal","317","5133","6.18","3.40","86","https://www.indiascholarships.in/scholarships/sitaram-jindal-foundation-scholarship","scholarship detail","100.0","Clear owner","1","","Strengthen the dedicated last-date or renewal subpage, with verified current-cycle dates and a clear link from the detail page."
"243","50000 scholarship","entity lookup","37","1627","2.27","6.68","85","https://www.indiascholarships.in/scholarships/mukhyamantri-kanya-utthan-yojana-graduation","scholarship detail","96.7","Clear owner","1","","Improve the existing owner: refresh current-cycle facts, title/meta, answer-first copy, and relevant internal links."
"244","mahadbt2.maharashtra.gov.in","entity lookup","12","1283","0.94","6.34","85","https://www.indiascholarships.in/scholarships/maharashtra-ebc-postmatric/apply-online","scholarship subpage","45.5","Split / unclear","3","/scholarships/maharashtra-ebc-postmatric (526) | /scholarships/maharashtra-goi-post-matric-scholarship-for-sc (203)","Consolidate: choose one primary owner, strengthen internal links, and differentiate or canonicalise competing pages."
"245","scholarship manipur 2026","entity lookup","22","1428","1.54","7.08","83","https://www.indiascholarships.in/scholarships/pm-yasasvi-post-matric-scholarship-manipur","scholarship detail","58.8","Split / unclear","2","/scholarships/manipur-state-merit-scholarship (400)","Consolidate: choose one primary owner, strengthen internal links, and differentiate or canonicalise competing pages."
"246","national scholarship portal","entity lookup","27","1456","1.85","6.67","82","https://www.indiascholarships.in/guides/nsp","portal guide","75.4","Split / unclear","2","/scholarships/pm-yashasvi-scholarship (290)","Consolidate: choose one primary owner, strengthen internal links, and differentiate or canonicalise competing pages."
"247","cm scholarship west bengal","entity lookup","23","1315","1.75","5.07","82","https://www.indiascholarships.in/scholarships/nabanna-scholarship-west-bengal","scholarship detail","90.7","Clear owner","1","","Improve the existing owner: refresh current-cycle facts, title/meta, answer-first copy, and relevant internal links."
"248","bihar post matric scholarship","entity lookup","38","1617","2.35","7.15","82","https://www.indiascholarships.in/hi/scholarships/bihar-post-matric-scholarship-bcebc/apply-online","other","24.2","Split / unclear","6","/scholarships/bihar-post-matric-scholarship-for-st-students (344) | /scholarships/bihar-post-matric-scholarship-bcebc/apply-online (292) | /scholarships/bihar-post-matric-scholarship-bcebc/last-date (218)","Consolidate: choose one primary owner, strengthen internal links, and differentiate or canonicalise competing pages."
"249","scholarship west bengal","entity lookup","33","1591","2.07","7.80","81","https://www.indiascholarships.in/scholarships-in/west-bengal","state hub","96.7","Clear owner","1","","Improve the existing owner: refresh current-cycle facts, title/meta, answer-first copy, and relevant internal links."
"250","golden jubilee scholarship","entity lookup","13","1298","1.00","7.34","80","https://www.indiascholarships.in/scholarships/lic-golden-jubilee-scholarship","scholarship detail","94.4","Clear owner","1","","Improve the existing owner: refresh current-cycle facts, title/meta, answer-first copy, and relevant internal links."
